region,timestamp,pm25,AQI_Category
New Delhi-8118,2024-12-31T21:30:00.000Z,286.0,Unhealthy
New Delhi-8118,2025-01-01T01:30:00.000Z,185.0,Unhealthy
New Delhi-8118,2025-01-01T05:30:00.000Z,193.0,Unhealthy
New Delhi-8118,2025-01-01T09:30:00.000Z,196.0,Unhealthy
New Delhi-8118,2025-01-01T13:30:00.000Z,206.0,Unhealthy
New Delhi-8118,2025-01-01T17:30:00.000Z,205.0,Unhealthy
New Delhi-8118,2025-01-01T20:30:00.000Z,158.0,Unhealthy
New Delhi-8118,2025-01-02T00:30:00.000Z,174.0,Unhealthy
New Delhi-8118,2025-01-02T04:30:00.000Z,204.0,Unhealthy
New Delhi-8118,2025-01-02T08:30:00.000Z,190.0,Unhealthy
New Delhi-8118,2025-01-02T12:30:00.000Z,198.0,Unhealthy
New Delhi-8118,2025-01-02T16:30:00.000Z,291.0,Unhealthy
US Diplomatic Post: New Delhi-8118,2025-01-02T19:30:00.000Z,210.0,Unhealthy
US Diplomatic Post: New Delhi-8118,2025-01-02T23:30:00.000Z,220.0,Unhealthy
US Diplomatic Post: New Delhi-8118,2025-01-03T03:30:00.000Z,180.0,Unhealthy
US Diplomatic Post: New Delhi-8118,2025-01-03T07:30:00.000Z,431.0,Unhealthy
US Diplomatic Post: New Delhi-8118,2025-01-03T11:30:00.000Z,208.0,Unhealthy
US Diplomatic Post: New Delhi-8118,2025-01-03T15:30:00.000Z,261.0,Unhealthy
US Diplomatic Post: New Delhi-8118,2025-01-03T22:30:00.000Z,195.0,Unhealthy
US Diplomatic Post: New Delhi-8118,2025-01-04T02:30:00.000Z,167.0,Unhealthy
US Diplomatic Post: New Delhi-8118,2025-01-04T06:30:00.000Z,416.0,Unhealthy
US Diplomatic Post: New Delhi-8118,2025-01-04T10:30:00.000Z,352.0,Unhealthy
US Diplomatic Post: New Delhi-8118,2025-01-04T14:30:00.000Z,283.0,Unhealthy
US Diplomatic Post: New Delhi-8118,2025-01-04T18:30:00.000Z,308.0,Unhealthy
New Delhi-8118,2025-01-04T21:30:00.000Z,-999.0,Good
New Delhi-8118,2025-01-05T01:30:00.000Z,-999.0,Good
New Delhi-8118,2025-01-05T05:30:00.000Z,-999.0,Good
New Delhi-8118,2025-01-05T09:30:00.000Z,-999.0,Good
New Delhi-8118,2025-01-05T13:30:00.000Z,-999.0,Good
New Delhi-8118,2025-01-05T17:30:00.000Z,-999.0,Good
US Diplomatic Post: New Delhi-8118,2025-01-05T20:30:00.000Z,-999.0,Good
US Diplomatic Post: New Delhi-8118,2025-01-06T00:30:00.000Z,-999.0,Good
US Diplomatic Post: New Delhi-8118,2025-01-06T04:30:00.000Z,-999.0,Good
US Diplomatic Post: New Delhi-8118,2025-01-06T08:30:00.000Z,-999.0,Good
US Diplomatic Post: New Delhi-8118,2025-01-06T12:30:00.000Z,-999.0,Good
New Delhi-8118,2024-12-31T20:30:00.000Z,343.0,Unhealthy
New Delhi-8118,2025-01-01T00:30:00.000Z,189.0,Unhealthy
New Delhi-8118,2025-01-01T04:30:00.000Z,170.0,Unhealthy
New Delhi-8118,2025-01-01T08:30:00.000Z,202.0,Unhealthy
New Delhi-8118,2025-01-01T12:30:00.000Z,203.0,Unhealthy
New Delhi-8118,2025-01-01T16:30:00.000Z,213.0,Unhealthy
New Delhi-8118,2025-01-01T19:30:00.000Z,163.0,Unhealthy
New Delhi-8118,2025-01-01T23:30:00.000Z,176.0,Unhealthy
New Delhi-8118,2025-01-02T03:30:00.000Z,167.0,Unhealthy
New Delhi-8118,2025-01-02T07:30:00.000Z,179.0,Unhealthy
New Delhi-8118,2025-01-02T11:30:00.000Z,191.0,Unhealthy
New Delhi-8118,2025-01-02T15:30:00.000Z,308.0,Unhealthy
US Diplomatic Post: New Delhi-8118,2025-01-02T22:30:00.000Z,200.0,Unhealthy
US Diplomatic Post: New Delhi-8118,2025-01-03T02:30:00.000Z,203.0,Unhealthy
US Diplomatic Post: New Delhi-8118,2025-01-03T06:30:00.000Z,349.0,Unhealthy
US Diplomatic Post: New Delhi-8118,2025-01-03T10:30:00.000Z,278.0,Unhealthy
US Diplomatic Post: New Delhi-8118,2025-01-03T14:30:00.000Z,265.0,Unhealthy
US Diplomatic Post: New Delhi-8118,2025-01-03T18:30:00.000Z,333.0,Unhealthy
US Diplomatic Post: New Delhi-8118,2025-01-03T21:30:00.000Z,149.0,Unhealthy
US Diplomatic Post: New Delhi-8118,2025-01-04T01:30:00.000Z,179.0,Unhealthy
US Diplomatic Post: New Delhi-8118,2025-01-04T05:30:00.000Z,334.0,Unhealthy
US Diplomatic Post: New Delhi-8118,2025-01-04T09:30:00.000Z,370.0,Unhealthy
US Diplomatic Post: New Delhi-8118,2025-01-04T13:30:00.000Z,278.0,Unhealthy
US Diplomatic Post: New Delhi-8118,2025-01-04T17:30:00.000Z,303.0,Unhealthy
New Delhi-8118,2025-01-04T20:30:00.000Z,219.0,Unhealthy
New Delhi-8118,2025-01-05T00:30:00.000Z,-999.0,Good
New Delhi-8118,2025-01-05T04:30:00.000Z,-999.0,Good
New Delhi-8118,2025-01-05T08:30:00.000Z,-999.0,Good
New Delhi-8118,2025-01-05T12:30:00.000Z,-999.0,Good
New Delhi-8118,2025-01-05T16:30:00.000Z,-999.0,Good
US Diplomatic Post: New Delhi-8118,2025-01-05T19:30:00.000Z,-999.0,Good
US Diplomatic Post: New Delhi-8118,2025-01-05T23:30:00.000Z,-999.0,Good
US Diplomatic Post: New Delhi-8118,2025-01-06T03:30:00.000Z,-999.0,Good
US Diplomatic Post: New Delhi-8118,2025-01-06T07:30:00.000Z,-999.0,Good
US Diplomatic Post: New Delhi-8118,2025-01-06T11:30:00.000Z,-999.0,Good
New Delhi-8118,2024-12-31T19:30:00.000Z,371.0,Unhealthy
New Delhi-8118,2024-12-31T23:30:00.000Z,187.0,Unhealthy
New Delhi-8118,2025-01-01T03:30:00.000Z,154.0,Unhealthy
New Delhi-8118,2025-01-01T07:30:00.000Z,176.0,Unhealthy
New Delhi-8118,2025-01-01T11:30:00.000Z,204.0,Unhealthy
New Delhi-8118,2025-01-01T15:30:00.000Z,211.0,Unhealthy
New Delhi-8118,2025-01-01T22:30:00.000Z,173.0,Unhealthy
New Delhi-8118,2025-01-02T02:30:00.000Z,140.0,Unhealthy
New Delhi-8118,2025-01-02T06:30:00.000Z,209.0,Unhealthy
New Delhi-8118,2025-01-02T10:30:00.000Z,217.0,Unhealthy
New Delhi-8118,2025-01-02T14:30:00.000Z,262.0,Unhealthy
New Delhi-8118,2025-01-02T18:30:00.000Z,208.0,Unhealthy
US Diplomatic Post: New Delhi-8118,2025-01-02T21:30:00.000Z,211.0,Unhealthy
US Diplomatic Post: New Delhi-8118,2025-01-03T01:30:00.000Z,-999.0,Good
US Diplomatic Post: New Delhi-8118,2025-01-03T05:30:00.000Z,258.0,Unhealthy
US Diplomatic Post: New Delhi-8118,2025-01-03T09:30:00.000Z,330.0,Unhealthy
US Diplomatic Post: New Delhi-8118,2025-01-03T13:30:00.000Z,237.0,Unhealthy
US Diplomatic Post: New Delhi-8118,2025-01-03T17:30:00.000Z,352.0,Unhealthy
US Diplomatic Post: New Delhi-8118,2025-01-03T20:30:00.000Z,192.0,Unhealthy
US Diplomatic Post: New Delhi-8118,2025-01-04T00:30:00.000Z,190.0,Unhealthy
US Diplomatic Post: New Delhi-8118,2025-01-04T04:30:00.000Z,225.0,Unhealthy
US Diplomatic Post: New Delhi-8118,2025-01-04T08:30:00.000Z,400.0,Unhealthy
US Diplomatic Post: New Delhi-8118,2025-01-04T12:30:00.000Z,288.0,Unhealthy
US Diplomatic Post: New Delhi-8118,2025-01-04T16:30:00.000Z,323.0,Unhealthy
New Delhi-8118,2025-01-04T19:30:00.000Z,254.0,Unhealthy
New Delhi-8118,2025-01-04T23:30:00.000Z,-999.0,Good
New Delhi-8118,2025-01-05T03:30:00.000Z,-999.0,Good
New Delhi-8118,2025-01-05T07:30:00.000Z,-999.0,Good
New Delhi-8118,2025-01-05T11:30:00.000Z,-999.0,Good
New Delhi-8118,2025-01-05T15:30:00.000Z,-999.0,Good
US Diplomatic Post: New Delhi-8118,2025-01-05T22:30:00.000Z,-999.0,Good
US Diplomatic Post: New Delhi-8118,2025-01-06T02:30:00.000Z,-999.0,Good
US Diplomatic Post: New Delhi-8118,2025-01-06T06:30:00.000Z,-999.0,Good
US Diplomatic Post: New Delhi-8118,2025-01-06T10:30:00.000Z,-999.0,Good
New Delhi-8118,2024-12-31T22:30:00.000Z,204.0,Unhealthy
New Delhi-8118,2025-01-01T02:30:00.000Z,165.0,Unhealthy
New Delhi-8118,2025-01-01T06:30:00.000Z,188.0,Unhealthy
New Delhi-8118,2025-01-01T10:30:00.000Z,202.0,Unhealthy
New Delhi-8118,2025-01-01T14:30:00.000Z,196.0,Unhealthy
New Delhi-8118,2025-01-01T18:30:00.000Z,200.0,Unhealthy
New Delhi-8118,2025-01-01T21:30:00.000Z,173.0,Unhealthy
New Delhi-8118,2025-01-02T01:30:00.000Z,153.0,Unhealthy
New Delhi-8118,2025-01-02T05:30:00.000Z,204.0,Unhealthy
New Delhi-8118,2025-01-02T09:30:00.000Z,213.0,Unhealthy
New Delhi-8118,2025-01-02T13:30:00.000Z,217.0,Unhealthy
New Delhi-8118,2025-01-02T17:30:00.000Z,210.0,Unhealthy
US Diplomatic Post: New Delhi-8118,2025-01-02T20:30:00.000Z,213.0,Unhealthy
US Diplomatic Post: New Delhi-8118,2025-01-03T00:30:00.000Z,-999.0,Good
US Diplomatic Post: New Delhi-8118,2025-01-03T04:30:00.000Z,210.0,Unhealthy
US Diplomatic Post: New Delhi-8118,2025-01-03T08:30:00.000Z,382.0,Unhealthy
US Diplomatic Post: New Delhi-8118,2025-01-03T12:30:00.000Z,213.0,Unhealthy
US Diplomatic Post: New Delhi-8118,2025-01-03T16:30:00.000Z,345.0,Unhealthy
US Diplomatic Post: New Delhi-8118,2025-01-03T19:30:00.000Z,250.0,Unhealthy
US Diplomatic Post: New Delhi-8118,2025-01-03T23:30:00.000Z,180.0,Unhealthy
US Diplomatic Post: New Delhi-8118,2025-01-04T03:30:00.000Z,169.0,Unhealthy
US Diplomatic Post: New Delhi-8118,2025-01-04T07:30:00.000Z,442.0,Unhealthy
US Diplomatic Post: New Delhi-8118,2025-01-04T11:30:00.000Z,301.0,Unhealthy
US Diplomatic Post: New Delhi-8118,2025-01-04T15:30:00.000Z,313.0,Unhealthy
New Delhi-8118,2025-01-04T22:30:00.000Z,-999.0,Good
New Delhi-8118,2025-01-05T02:30:00.000Z,-999.0,Good
New Delhi-8118,2025-01-05T06:30:00.000Z,-999.0,Good
New Delhi-8118,2025-01-05T10:30:00.000Z,-999.0,Good
New Delhi-8118,2025-01-05T14:30:00.000Z,-999.0,Good
New Delhi-8118,2025-01-05T18:30:00.000Z,-999.0,Good
US Diplomatic Post: New Delhi-8118,2025-01-05T21:30:00.000Z,-999.0,Good
US Diplomatic Post: New Delhi-8118,2025-01-06T01:30:00.000Z,-999.0,Good
US Diplomatic Post: New Delhi-8118,2025-01-06T05:30:00.000Z,-999.0,Good
US Diplomatic Post: New Delhi-8118,2025-01-06T09:30:00.000Z,-999.0,Good
US Diplomatic Post: New Delhi-8118,2025-01-06T13:30:00.000Z,-999.0,Good
US Diplomatic Post: New Delhi-8118,2025-01-06T17:30:00.000Z,-999.0,Good
US Diplomatic Post: New Delhi-8118,2025-01-06T20:30:00.000Z,-999.0,Good
US Diplomatic Post: New Delhi-8118,2025-01-07T00:30:00.000Z,-999.0,Good
US Diplomatic Post: New Delhi-8118,2025-01-07T04:30:00.000Z,-999.0,Good
US Diplomatic Post: New Delhi-8118,2025-01-07T08:30:00.000Z,-999.0,Good
US Diplomatic Post: New Delhi-8118,2025-01-07T12:30:00.000Z,-999.0,Good
US Diplomatic Post: New Delhi-8118,2025-01-07T16:30:00.000Z,-999.0,Good
US Diplomatic Post: New Delhi-8118,2025-01-07T19:30:00.000Z,-999.0,Good
US Diplomatic Post: New Delhi-8118,2025-01-07T23:30:00.000Z,-999.0,Good
US Diplomatic Post: New Delhi-8118,2025-01-08T03:30:00.000Z,-999.0,Good
US Diplomatic Post: New Delhi-8118,2025-01-08T07:30:00.000Z,80.0,Moderate
US Diplomatic Post: New Delhi-8118,2025-01-08T11:30:00.000Z,66.0,Moderate
US Diplomatic Post: New Delhi-8118,2025-01-06T14:30:00.000Z,-999.0,Good
US Diplomatic Post: New Delhi-8118,2025-01-06T18:30:00.000Z,-999.0,Good
US Diplomatic Post: New Delhi-8118,2025-01-06T21:30:00.000Z,-999.0,Good
US Diplomatic Post: New Delhi-8118,2025-01-07T01:30:00.000Z,-999.0,Good
US Diplomatic Post: New Delhi-8118,2025-01-07T05:30:00.000Z,-999.0,Good
US Diplomatic Post: New Delhi-8118,2025-01-07T09:30:00.000Z,-999.0,Good
US Diplomatic Post: New Delhi-8118,2025-01-07T13:30:00.000Z,-999.0,Good
US Diplomatic Post: New Delhi-8118,2025-01-07T17:30:00.000Z,-999.0,Good
US Diplomatic Post: New Delhi-8118,2025-01-07T20:30:00.000Z,-999.0,Good
US Diplomatic Post: New Delhi-8118,2025-01-08T00:30:00.000Z,-999.0,Good
US Diplomatic Post: New Delhi-8118,2025-01-08T04:30:00.000Z,-999.0,Good
US Diplomatic Post: New Delhi-8118,2025-01-08T08:30:00.000Z,81.0,Moderate
US Diplomatic Post: New Delhi-8118,2025-01-06T15:30:00.000Z,-999.0,Good
US Diplomatic Post: New Delhi-8118,2025-01-06T22:30:00.000Z,-999.0,Good
US Diplomatic Post: New Delhi-8118,2025-01-07T02:30:00.000Z,-999.0,Good
US Diplomatic Post: New Delhi-8118,2025-01-07T06:30:00.000Z,-999.0,Good
US Diplomatic Post: New Delhi-8118,2025-01-07T10:30:00.000Z,-999.0,Good
US Diplomatic Post: New Delhi-8118,2025-01-07T14:30:00.000Z,-999.0,Good
US Diplomatic Post: New Delhi-8118,2025-01-07T18:30:00.000Z,-999.0,Good
US Diplomatic Post: New Delhi-8118,2025-01-07T21:30:00.000Z,-999.0,Good
US Diplomatic Post: New Delhi-8118,2025-01-08T01:30:00.000Z,-999.0,Good
US Diplomatic Post: New Delhi-8118,2025-01-08T05:30:00.000Z,-999.0,Good
US Diplomatic Post: New Delhi-8118,2025-01-08T09:30:00.000Z,81.0,Moderate
US Diplomatic Post: New Delhi-8118,2025-01-06T16:30:00.000Z,-999.0,Good
US Diplomatic Post: New Delhi-8118,2025-01-06T19:30:00.000Z,-999.0,Good
US Diplomatic Post: New Delhi-8118,2025-01-06T23:30:00.000Z,-999.0,Good
US Diplomatic Post: New Delhi-8118,2025-01-07T03:30:00.000Z,-999.0,Good
US Diplomatic Post: New Delhi-8118,2025-01-07T07:30:00.000Z,-999.0,Good
US Diplomatic Post: New Delhi-8118,2025-01-07T11:30:00.000Z,-999.0,Good
US Diplomatic Post: New Delhi-8118,2025-01-07T15:30:00.000Z,-999.0,Good
US Diplomatic Post: New Delhi-8118,2025-01-07T22:30:00.000Z,-999.0,Good
US Diplomatic Post: New Delhi-8118,2025-01-08T02:30:00.000Z,-999.0,Good
US Diplomatic Post: New Delhi-8118,2025-01-08T06:30:00.000Z,99.0,Moderate
US Diplomatic Post: New Delhi-8118,2025-01-08T10:30:00.000Z,70.0,Moderate
US Diplomatic Post: New Delhi-8118,2025-01-16T02:30:00.000Z,110.0,Unhealthy
US Diplomatic Post: New Delhi-8118,2025-01-16T06:30:00.000Z,124.0,Unhealthy
US Diplomatic Post: New Delhi-8118,2025-01-16T10:30:00.000Z,125.0,Unhealthy
US Diplomatic Post: New Delhi-8118,2025-01-16T14:30:00.000Z,175.0,Unhealthy
US Diplomatic Post: New Delhi-8118,2025-01-16T18:30:00.000Z,310.0,Unhealthy
US Diplomatic Post: New Delhi-8118,2025-01-16T21:30:00.000Z,211.0,Unhealthy
US Diplomatic Post: New Delhi-8118,2025-01-17T01:30:00.000Z,118.0,Unhealthy
US Diplomatic Post: New Delhi-8118,2025-01-17T05:30:00.000Z,165.0,Unhealthy
US Diplomatic Post: New Delhi-8118,2025-01-17T09:30:00.000Z,112.0,Unhealthy
US Diplomatic Post: New Delhi-8118,2025-01-17T13:30:00.000Z,140.0,Unhealthy
US Diplomatic Post: New Delhi-8118,2025-01-17T17:30:00.000Z,142.0,Unhealthy
US Diplomatic Post: New Delhi-8118,2025-01-16T04:30:00.000Z,147.0,Unhealthy
US Diplomatic Post: New Delhi-8118,2025-01-16T08:30:00.000Z,101.0,Unhealthy
US Diplomatic Post: New Delhi-8118,2025-01-16T12:30:00.000Z,127.0,Unhealthy
US Diplomatic Post: New Delhi-8118,2025-01-16T16:30:00.000Z,277.0,Unhealthy
US Diplomatic Post: New Delhi-8118,2025-01-16T19:30:00.000Z,-999.0,Good
US Diplomatic Post: New Delhi-8118,2025-01-16T23:30:00.000Z,132.0,Unhealthy
US Diplomatic Post: New Delhi-8118,2025-01-17T03:30:00.000Z,138.0,Unhealthy
US Diplomatic Post: New Delhi-8118,2025-01-17T07:30:00.000Z,143.0,Unhealthy
US Diplomatic Post: New Delhi-8118,2025-01-17T11:30:00.000Z,119.0,Unhealthy
US Diplomatic Post: New Delhi-8118,2025-01-17T15:30:00.000Z,161.0,Unhealthy
US Diplomatic Post: New Delhi-8118,2025-01-16T03:30:00.000Z,115.0,Unhealthy
US Diplomatic Post: New Delhi-8118,2025-01-16T07:30:00.000Z,121.0,Unhealthy
US Diplomatic Post: New Delhi-8118,2025-01-16T11:30:00.000Z,129.0,Unhealthy
US Diplomatic Post: New Delhi-8118,2025-01-16T15:30:00.000Z,227.0,Unhealthy
US Diplomatic Post: New Delhi-8118,2025-01-16T22:30:00.000Z,196.0,Unhealthy
US Diplomatic Post: New Delhi-8118,2025-01-17T02:30:00.000Z,126.0,Unhealthy
US Diplomatic Post: New Delhi-8118,2025-01-17T06:30:00.000Z,166.0,Unhealthy
US Diplomatic Post: New Delhi-8118,2025-01-17T10:30:00.000Z,108.0,Unhealthy
US Diplomatic Post: New Delhi-8118,2025-01-17T14:30:00.000Z,170.0,Unhealthy
US Diplomatic Post: New Delhi-8118,2025-01-17T18:30:00.000Z,130.0,Unhealthy
US Diplomatic Post: New Delhi-8118,2025-01-08T13:30:00.000Z,117.0,Unhealthy
US Diplomatic Post: New Delhi-8118,2025-01-08T17:30:00.000Z,270.0,Unhealthy
US Diplomatic Post: New Delhi-8118,2025-01-08T20:30:00.000Z,234.0,Unhealthy
US Diplomatic Post: New Delhi-8118,2025-01-09T00:30:00.000Z,176.0,Unhealthy
US Diplomatic Post: New Delhi-8118,2025-01-09T04:30:00.000Z,183.0,Unhealthy
US Diplomatic Post: New Delhi-8118,2025-01-09T08:30:00.000Z,427.0,Unhealthy
US Diplomatic Post: New Delhi-8118,2025-01-09T12:30:00.000Z,305.0,Unhealthy
US Diplomatic Post: New Delhi-8118,2025-01-09T16:30:00.000Z,338.0,Unhealthy
US Diplomatic Post: New Delhi-8118,2025-01-09T19:30:00.000Z,351.0,Unhealthy
US Diplomatic Post: New Delhi-8118,2025-01-09T23:30:00.000Z,349.0,Unhealthy
US Diplomatic Post: New Delhi-8118,2025-01-08T14:30:00.000Z,129.0,Unhealthy
US Diplomatic Post: New Delhi-8118,2025-01-08T18:30:00.000Z,260.0,Unhealthy
US Diplomatic Post: New Delhi-8118,2025-01-08T21:30:00.000Z,200.0,Unhealthy
US Diplomatic Post: New Delhi-8118,2025-01-09T01:30:00.000Z,160.0,Unhealthy
US Diplomatic Post: New Delhi-8118,2025-01-09T05:30:00.000Z,161.0,Unhealthy
US Diplomatic Post: New Delhi-8118,2025-01-09T09:30:00.000Z,369.0,Unhealthy
US Diplomatic Post: New Delhi-8118,2025-01-09T13:30:00.000Z,374.0,Unhealthy
US Diplomatic Post: New Delhi-8118,2025-01-09T17:30:00.000Z,339.0,Unhealthy
US Diplomatic Post: New Delhi-8118,2025-01-09T20:30:00.000Z,359.0,Unhealthy
US Diplomatic Post: New Delhi-8118,2025-01-10T00:30:00.000Z,289.0,Unhealthy
US Diplomatic Post: New Delhi-8118,2025-01-10T01:30:00.000Z,157.0,Unhealthy
US Diplomatic Post: New Delhi-8118,2025-01-10T05:30:00.000Z,248.0,Unhealthy
US Diplomatic Post: New Delhi-8118,2025-01-10T09:30:00.000Z,209.0,Unhealthy
US Diplomatic Post: New Delhi-8118,2025-01-10T13:30:00.000Z,217.0,Unhealthy
US Diplomatic Post: New Delhi-8118,2025-01-10T17:30:00.000Z,290.0,Unhealthy
US Diplomatic Post: New Delhi-8118,2025-01-10T20:30:00.000Z,188.0,Unhealthy
US Diplomatic Post: New Delhi-8118,2025-01-11T00:30:00.000Z,138.0,Unhealthy
US Diplomatic Post: New Delhi-8118,2025-01-11T04:30:00.000Z,157.0,Unhealthy
US Diplomatic Post: New Delhi-8118,2025-01-11T08:30:00.000Z,182.0,Unhealthy
US Diplomatic Post: New Delhi-8118,2025-01-11T12:30:00.000Z,226.0,Unhealthy
US Diplomatic Post: New Delhi-8118,2025-01-19T05:30:00.000Z,386.0,Unhealthy
US Diplomatic Post: New Delhi-8118,2025-01-19T09:30:00.000Z,-999.0,Good
US Diplomatic Post: New Delhi-8118,2025-01-19T13:30:00.000Z,129.0,Unhealthy
US Diplomatic Post: New Delhi-8118,2025-01-19T17:30:00.000Z,257.0,Unhealthy
US Diplomatic Post: New Delhi-8118,2025-01-19T20:30:00.000Z,211.0,Unhealthy
US Diplomatic Post: New Delhi-8118,2025-01-20T00:30:00.000Z,156.0,Unhealthy
US Diplomatic Post: New Delhi-8118,2025-01-20T04:30:00.000Z,154.0,Unhealthy
US Diplomatic Post: New Delhi-8118,2025-01-20T08:30:00.000Z,-999.0,Good
US Diplomatic Post: New Delhi-8118,2025-01-20T12:30:00.000Z,125.0,Unhealthy
US Diplomatic Post: New Delhi-8118,2025-01-20T16:30:00.000Z,211.0,Unhealthy
US Diplomatic Post: New Delhi-8118,2025-01-10T02:30:00.000Z,183.0,Unhealthy
US Diplomatic Post: New Delhi-8118,2025-01-10T06:30:00.000Z,220.0,Unhealthy
US Diplomatic Post: New Delhi-8118,2025-01-10T10:30:00.000Z,199.0,Unhealthy
US Diplomatic Post: New Delhi-8118,2025-01-10T14:30:00.000Z,-999.0,Good
US Diplomatic Post: New Delhi-8118,2025-01-10T18:30:00.000Z,281.0,Unhealthy
US Diplomatic Post: New Delhi-8118,2025-01-10T21:30:00.000Z,160.0,Unhealthy
US Diplomatic Post: New Delhi-8118,2025-01-11T01:30:00.000Z,128.0,Unhealthy
US Diplomatic Post: New Delhi-8118,2025-01-11T05:30:00.000Z,183.0,Unhealthy
US Diplomatic Post: New Delhi-8118,2025-01-11T09:30:00.000Z,192.0,Unhealthy
US Diplomatic Post: New Delhi-8118,2025-01-11T13:30:00.000Z,164.0,Unhealthy
US Diplomatic Post: New Delhi-8118,2025-01-16T05:30:00.000Z,159.0,Unhealthy
US Diplomatic Post: New Delhi-8118,2025-01-16T09:30:00.000Z,105.0,Unhealthy
US Diplomatic Post: New Delhi-8118,2025-01-16T13:30:00.000Z,142.0,Unhealthy
US Diplomatic Post: New Delhi-8118,2025-01-16T17:30:00.000Z,311.0,Unhealthy
US Diplomatic Post: New Delhi-8118,2025-01-16T20:30:00.000Z,228.0,Unhealthy
US Diplomatic Post: New Delhi-8118,2025-01-17T00:30:00.000Z,133.0,Unhealthy
US Diplomatic Post: New Delhi-8118,2025-01-17T04:30:00.000Z,157.0,Unhealthy
US Diplomatic Post: New Delhi-8118,2025-01-17T08:30:00.000Z,116.0,Unhealthy
US Diplomatic Post: New Delhi-8118,2025-01-17T12:30:00.000Z,128.0,Unhealthy
US Diplomatic Post: New Delhi-8118,2025-01-17T16:30:00.000Z,144.0,Unhealthy
US Diplomatic Post: New Delhi-8118,2025-01-19T04:30:00.000Z,369.0,Unhealthy
US Diplomatic Post: New Delhi-8118,2025-01-19T08:30:00.000Z,94.0,Moderate
US Diplomatic Post: New Delhi-8118,2025-01-19T12:30:00.000Z,120.0,Unhealthy
US Diplomatic Post: New Delhi-8118,2025-01-19T16:30:00.000Z,230.0,Unhealthy
US Diplomatic Post: New Delhi-8118,2025-01-19T19:30:00.000Z,296.0,Unhealthy
US Diplomatic Post: New Delhi-8118,2025-01-19T23:30:00.000Z,180.0,Unhealthy
US Diplomatic Post: New Delhi-8118,2025-01-20T03:30:00.000Z,159.0,Unhealthy
US Diplomatic Post: New Delhi-8118,2025-01-20T07:30:00.000Z,-999.0,Good
US Diplomatic Post: New Delhi-8118,2025-01-20T11:30:00.000Z,121.0,Unhealthy
US Diplomatic Post: New Delhi-8118,2025-01-20T15:30:00.000Z,199.0,Unhealthy
US Diplomatic Post: New Delhi-8118,2025-01-10T04:30:00.000Z,207.0,Unhealthy
US Diplomatic Post: New Delhi-8118,2025-01-10T08:30:00.000Z,207.0,Unhealthy
US Diplomatic Post: New Delhi-8118,2025-01-10T12:30:00.000Z,196.0,Unhealthy
US Diplomatic Post: New Delhi-8118,2025-01-10T16:30:00.000Z,273.0,Unhealthy
US Diplomatic Post: New Delhi-8118,2025-01-10T19:30:00.000Z,243.0,Unhealthy
US Diplomatic Post: New Delhi-8118,2025-01-10T23:30:00.000Z,146.0,Unhealthy
US Diplomatic Post: New Delhi-8118,2025-01-11T03:30:00.000Z,143.0,Unhealthy
US Diplomatic Post: New Delhi-8118,2025-01-11T07:30:00.000Z,187.0,Unhealthy
US Diplomatic Post: New Delhi-8118,2025-01-11T11:30:00.000Z,201.0,Unhealthy
US Diplomatic Post: New Delhi-8118,2025-01-11T15:30:00.000Z,135.0,Unhealthy
US Diplomatic Post: New Delhi-8118,2025-01-11T17:30:00.000Z,126.0,Unhealthy
US Diplomatic Post: New Delhi-8118,2025-01-11T20:30:00.000Z,129.0,Unhealthy
US Diplomatic Post: New Delhi-8118,2025-01-12T00:30:00.000Z,173.0,Unhealthy
US Diplomatic Post: New Delhi-8118,2025-01-12T04:30:00.000Z,137.0,Unhealthy
US Diplomatic Post: New Delhi-8118,2025-01-12T08:30:00.000Z,144.0,Unhealthy
US Diplomatic Post: New Delhi-8118,2025-01-12T12:30:00.000Z,138.0,Unhealthy
US Diplomatic Post: New Delhi-8118,2025-01-12T16:30:00.000Z,217.0,Unhealthy
New Delhi-8118,2025-01-12T19:30:00.000Z,180.0,Unhealthy
New Delhi-8118,2025-01-12T23:30:00.000Z,108.0,Unhealthy
New Delhi-8118,2025-01-13T03:30:00.000Z,106.0,Unhealthy
New Delhi-8118,2025-01-13T07:30:00.000Z,110.0,Unhealthy
US Diplomatic Post: New Delhi-8118,2025-01-11T16:30:00.000Z,127.0,Unhealthy
US Diplomatic Post: New Delhi-8118,2025-01-11T19:30:00.000Z,134.0,Unhealthy
US Diplomatic Post: New Delhi-8118,2025-01-11T23:30:00.000Z,159.0,Unhealthy
US Diplomatic Post: New Delhi-8118,2025-01-12T03:30:00.000Z,129.0,Unhealthy
US Diplomatic Post: New Delhi-8118,2025-01-12T07:30:00.000Z,158.0,Unhealthy
US Diplomatic Post: New Delhi-8118,2025-01-12T11:30:00.000Z,149.0,Unhealthy
US Diplomatic Post: New Delhi-8118,2025-01-12T15:30:00.000Z,156.0,Unhealthy
New Delhi-8118,2025-01-12T22:30:00.000Z,121.0,Unhealthy
New Delhi-8118,2025-01-13T02:30:00.000Z,88.0,Moderate
New Delhi-8118,2025-01-13T06:30:00.000Z,97.0,Moderate
US Diplomatic Post: New Delhi-8118,2025-01-19T03:30:00.000Z,293.0,Unhealthy
US Diplomatic Post: New Delhi-8118,2025-01-19T07:30:00.000Z,187.0,Unhealthy
US Diplomatic Post: New Delhi-8118,2025-01-19T11:30:00.000Z,106.0,Unhealthy
US Diplomatic Post: New Delhi-8118,2025-01-19T15:30:00.000Z,212.0,Unhealthy
US Diplomatic Post: New Delhi-8118,2025-01-19T22:30:00.000Z,187.0,Unhealthy
US Diplomatic Post: New Delhi-8118,2025-01-20T02:30:00.000Z,156.0,Unhealthy
US Diplomatic Post: New Delhi-8118,2025-01-20T06:30:00.000Z,-999.0,Good
US Diplomatic Post: New Delhi-8118,2025-01-20T10:30:00.000Z,105.0,Unhealthy
US Diplomatic Post: New Delhi-8118,2025-01-20T14:30:00.000Z,179.0,Unhealthy
US Diplomatic Post: New Delhi-8118,2025-01-10T03:30:00.000Z,198.0,Unhealthy
US Diplomatic Post: New Delhi-8118,2025-01-10T07:30:00.000Z,222.0,Unhealthy
US Diplomatic Post: New Delhi-8118,2025-01-10T11:30:00.000Z,203.0,Unhealthy
US Diplomatic Post: New Delhi-8118,2025-01-10T15:30:00.000Z,283.0,Unhealthy
US Diplomatic Post: New Delhi-8118,2025-01-10T22:30:00.000Z,146.0,Unhealthy
US Diplomatic Post: New Delhi-8118,2025-01-11T02:30:00.000Z,147.0,Unhealthy
US Diplomatic Post: New Delhi-8118,2025-01-11T06:30:00.000Z,174.0,Unhealthy
US Diplomatic Post: New Delhi-8118,2025-01-11T10:30:00.000Z,174.0,Unhealthy
US Diplomatic Post: New Delhi-8118,2025-01-11T14:30:00.000Z,134.0,Unhealthy
US Diplomatic Post: New Delhi-8118,2025-01-08T12:30:00.000Z,86.0,Moderate
US Diplomatic Post: New Delhi-8118,2025-01-08T16:30:00.000Z,245.0,Unhealthy
US Diplomatic Post: New Delhi-8118,2025-01-08T19:30:00.000Z,265.0,Unhealthy
US Diplomatic Post: New Delhi-8118,2025-01-08T23:30:00.000Z,176.0,Unhealthy
US Diplomatic Post: New Delhi-8118,2025-01-09T03:30:00.000Z,192.0,Unhealthy
US Diplomatic Post: New Delhi-8118,2025-01-09T07:30:00.000Z,173.0,Unhealthy
US Diplomatic Post: New Delhi-8118,2025-01-09T11:30:00.000Z,314.0,Unhealthy
US Diplomatic Post: New Delhi-8118,2025-01-09T15:30:00.000Z,341.0,Unhealthy
US Diplomatic Post: New Delhi-8118,2025-01-09T22:30:00.000Z,359.0,Unhealthy
US Diplomatic Post: New Delhi-8118,2025-01-11T18:30:00.000Z,132.0,Unhealthy
US Diplomatic Post: New Delhi-8118,2025-01-11T21:30:00.000Z,149.0,Unhealthy
US Diplomatic Post: New Delhi-8118,2025-01-12T01:30:00.000Z,152.0,Unhealthy
US Diplomatic Post: New Delhi-8118,2025-01-12T05:30:00.000Z,151.0,Unhealthy
US Diplomatic Post: New Delhi-8118,2025-01-12T09:30:00.000Z,146.0,Unhealthy
US Diplomatic Post: New Delhi-8118,2025-01-12T13:30:00.000Z,145.0,Unhealthy
US Diplomatic Post: New Delhi-8118,2025-01-12T17:30:00.000Z,203.0,Unhealthy
New Delhi-8118,2025-01-12T20:30:00.000Z,150.0,Unhealthy
New Delhi-8118,2025-01-13T00:30:00.000Z,98.0,Moderate
New Delhi-8118,2025-01-13T04:30:00.000Z,111.0,Unhealthy
US Diplomatic Post: New Delhi-8118,2025-01-14T18:30:00.000Z,280.0,Unhealthy
US Diplomatic Post: New Delhi-8118,2025-01-14T21:30:00.000Z,381.0,Unhealthy
US Diplomatic Post: New Delhi-8118,2025-01-15T01:30:00.000Z,292.0,Unhealthy
US Diplomatic Post: New Delhi-8118,2025-01-15T05:30:00.000Z,301.0,Unhealthy
US Diplomatic Post: New Delhi-8118,2025-01-15T09:30:00.000Z,233.0,Unhealthy
US Diplomatic Post: New Delhi-8118,2025-01-15T13:30:00.000Z,201.0,Unhealthy
US Diplomatic Post: New Delhi-8118,2025-01-15T17:30:00.000Z,185.0,Unhealthy
US Diplomatic Post: New Delhi-8118,2025-01-15T20:30:00.000Z,151.0,Unhealthy
US Diplomatic Post: New Delhi-8118,2025-01-16T00:30:00.000Z,136.0,Unhealthy
US Diplomatic Post: New Delhi-8118,2025-01-31T00:30:00.000Z,-999.0,Good
US Diplomatic Post: New Delhi-8118,2025-01-31T04:30:00.000Z,221.0,Unhealthy
US Diplomatic Post: New Delhi-8118,2025-01-31T08:30:00.000Z,146.0,Unhealthy
US Diplomatic Post: New Delhi-8118,2025-01-31T12:30:00.000Z,173.0,Unhealthy
US Diplomatic Post: New Delhi-8118,2025-01-31T16:30:00.000Z,238.0,Unhealthy
US Diplomatic Post: New Delhi-8118,2025-01-31T19:30:00.000Z,262.0,Unhealthy
US Diplomatic Post: New Delhi-8118,2025-01-31T23:30:00.000Z,232.0,Unhealthy
US Diplomatic Post: New Delhi-8118,2025-02-01T03:30:00.000Z,165.0,Unhealthy
US Diplomatic Post: New Delhi-8118,2025-02-01T07:30:00.000Z,225.0,Unhealthy
US Diplomatic Post: New Delhi-8118,2025-01-31T01:30:00.000Z,-999.0,Good
US Diplomatic Post: New Delhi-8118,2025-01-31T05:30:00.000Z,13.0,Good
US Diplomatic Post: New Delhi-8118,2025-01-31T09:30:00.000Z,132.0,Unhealthy
US Diplomatic Post: New Delhi-8118,2025-01-31T13:30:00.000Z,205.0,Unhealthy
US Diplomatic Post: New Delhi-8118,2025-01-31T17:30:00.000Z,242.0,Unhealthy
US Diplomatic Post: New Delhi-8118,2025-01-31T20:30:00.000Z,262.0,Unhealthy
US Diplomatic Post: New Delhi-8118,2025-02-01T00:30:00.000Z,227.0,Unhealthy
US Diplomatic Post: New Delhi-8118,2025-02-01T04:30:00.000Z,206.0,Unhealthy
US Diplomatic Post: New Delhi-8118,2025-02-01T08:30:00.000Z,320.0,Unhealthy
US Diplomatic Post: New Delhi-8118,2025-01-30T22:30:00.000Z,196.0,Unhealthy
US Diplomatic Post: New Delhi-8118,2025-01-31T02:30:00.000Z,-999.0,Good
US Diplomatic Post: New Delhi-8118,2025-01-31T06:30:00.000Z,166.0,Unhealthy
US Diplomatic Post: New Delhi-8118,2025-01-31T10:30:00.000Z,132.0,Unhealthy
US Diplomatic Post: New Delhi-8118,2025-01-31T14:30:00.000Z,219.0,Unhealthy
US Diplomatic Post: New Delhi-8118,2025-01-31T18:30:00.000Z,254.0,Unhealthy
US Diplomatic Post: New Delhi-8118,2025-01-31T21:30:00.000Z,264.0,Unhealthy
US Diplomatic Post: New Delhi-8118,2025-02-01T01:30:00.000Z,217.0,Unhealthy
US Diplomatic Post: New Delhi-8118,2025-02-01T05:30:00.000Z,273.0,Unhealthy
US Diplomatic Post: New Delhi-8118,2025-01-14T17:30:00.000Z,239.0,Unhealthy
US Diplomatic Post: New Delhi-8118,2025-01-14T20:30:00.000Z,301.0,Unhealthy
US Diplomatic Post: New Delhi-8118,2025-01-15T00:30:00.000Z,306.0,Unhealthy
US Diplomatic Post: New Delhi-8118,2025-01-15T04:30:00.000Z,267.0,Unhealthy
US Diplomatic Post: New Delhi-8118,2025-01-15T08:30:00.000Z,279.0,Unhealthy
US Diplomatic Post: New Delhi-8118,2025-01-15T12:30:00.000Z,188.0,Unhealthy
US Diplomatic Post: New Delhi-8118,2025-01-15T16:30:00.000Z,215.0,Unhealthy
US Diplomatic Post: New Delhi-8118,2025-01-15T19:30:00.000Z,158.0,Unhealthy
US Diplomatic Post: New Delhi-8118,2025-01-15T23:30:00.000Z,-999.0,Good
US Diplomatic Post: New Delhi-8118,2025-01-19T06:30:00.000Z,238.0,Unhealthy
US Diplomatic Post: New Delhi-8118,2025-01-19T10:30:00.000Z,95.0,Moderate
US Diplomatic Post: New Delhi-8118,2025-01-19T14:30:00.000Z,184.0,Unhealthy
US Diplomatic Post: New Delhi-8118,2025-01-19T18:30:00.000Z,277.0,Unhealthy
US Diplomatic Post: New Delhi-8118,2025-01-19T21:30:00.000Z,170.0,Unhealthy
US Diplomatic Post: New Delhi-8118,2025-01-20T01:30:00.000Z,156.0,Unhealthy
US Diplomatic Post: New Delhi-8118,2025-01-20T05:30:00.000Z,-999.0,Good
US Diplomatic Post: New Delhi-8118,2025-01-20T09:30:00.000Z,108.0,Unhealthy
US Diplomatic Post: New Delhi-8118,2025-01-20T13:30:00.000Z,154.0,Unhealthy
US Diplomatic Post: New Delhi-8118,2025-01-11T22:30:00.000Z,157.0,Unhealthy
US Diplomatic Post: New Delhi-8118,2025-01-12T02:30:00.000Z,127.0,Unhealthy
US Diplomatic Post: New Delhi-8118,2025-01-12T06:30:00.000Z,174.0,Unhealthy
US Diplomatic Post: New Delhi-8118,2025-01-12T10:30:00.000Z,150.0,Unhealthy
US Diplomatic Post: New Delhi-8118,2025-01-12T14:30:00.000Z,153.0,Unhealthy
US Diplomatic Post: New Delhi-8118,2025-01-12T18:30:00.000Z,199.0,Unhealthy
New Delhi-8118,2025-01-12T21:30:00.000Z,138.0,Unhealthy
New Delhi-8118,2025-01-13T01:30:00.000Z,84.0,Moderate
New Delhi-8118,2025-01-13T05:30:00.000Z,121.0,Unhealthy
US Diplomatic Post: New Delhi-8118,2025-01-14T22:30:00.000Z,362.0,Unhealthy
US Diplomatic Post: New Delhi-8118,2025-01-15T02:30:00.000Z,291.0,Unhealthy
US Diplomatic Post: New Delhi-8118,2025-01-15T06:30:00.000Z,321.0,Unhealthy
US Diplomatic Post: New Delhi-8118,2025-01-15T10:30:00.000Z,202.0,Unhealthy
US Diplomatic Post: New Delhi-8118,2025-01-15T14:30:00.000Z,192.0,Unhealthy
US Diplomatic Post: New Delhi-8118,2025-01-15T18:30:00.000Z,156.0,Unhealthy
US Diplomatic Post: New Delhi-8118,2025-01-15T21:30:00.000Z,145.0,Unhealthy
US Diplomatic Post: New Delhi-8118,2025-01-16T01:30:00.000Z,125.0,Unhealthy
US Diplomatic Post: New Delhi-8118,2025-01-08T15:30:00.000Z,195.0,Unhealthy
US Diplomatic Post: New Delhi-8118,2025-01-08T22:30:00.000Z,191.0,Unhealthy
US Diplomatic Post: New Delhi-8118,2025-01-09T02:30:00.000Z,160.0,Unhealthy
US Diplomatic Post: New Delhi-8118,2025-01-09T06:30:00.000Z,180.0,Unhealthy
US Diplomatic Post: New Delhi-8118,2025-01-09T10:30:00.000Z,323.0,Unhealthy
US Diplomatic Post: New Delhi-8118,2025-01-09T14:30:00.000Z,371.0,Unhealthy
US Diplomatic Post: New Delhi-8118,2025-01-09T18:30:00.000Z,347.0,Unhealthy
US Diplomatic Post: New Delhi-8118,2025-01-09T21:30:00.000Z,373.0,Unhealthy
US Diplomatic Post: New Delhi-8118,2025-01-17T19:30:00.000Z,125.0,Unhealthy
US Diplomatic Post: New Delhi-8118,2025-01-17T23:30:00.000Z,125.0,Unhealthy
US Diplomatic Post: New Delhi-8118,2025-01-18T03:30:00.000Z,113.0,Unhealthy
US Diplomatic Post: New Delhi-8118,2025-01-18T07:30:00.000Z,147.0,Unhealthy
US Diplomatic Post: New Delhi-8118,2025-01-18T11:30:00.000Z,220.0,Unhealthy
US Diplomatic Post: New Delhi-8118,2025-01-18T15:30:00.000Z,196.0,Unhealthy
US Diplomatic Post: New Delhi-8118,2025-01-18T22:30:00.000Z,225.0,Unhealthy
US Diplomatic Post: New Delhi-8118,2025-01-19T02:30:00.000Z,280.0,Unhealthy
US Diplomatic Post: New Delhi-8118,2025-01-30T23:30:00.000Z,186.0,Unhealthy
US Diplomatic Post: New Delhi-8118,2025-01-31T03:30:00.000Z,213.0,Unhealthy
US Diplomatic Post: New Delhi-8118,2025-01-31T07:30:00.000Z,146.0,Unhealthy
US Diplomatic Post: New Delhi-8118,2025-01-31T11:30:00.000Z,144.0,Unhealthy
US Diplomatic Post: New Delhi-8118,2025-01-31T15:30:00.000Z,225.0,Unhealthy
US Diplomatic Post: New Delhi-8118,2025-01-31T22:30:00.000Z,253.0,Unhealthy
US Diplomatic Post: New Delhi-8118,2025-02-01T02:30:00.000Z,173.0,Unhealthy
US Diplomatic Post: New Delhi-8118,2025-02-01T06:30:00.000Z,275.0,Unhealthy
New Delhi-8118,2025-01-13T09:30:00.000Z,114.0,Unhealthy
New Delhi-8118,2025-01-13T13:30:00.000Z,123.0,Unhealthy
New Delhi-8118,2025-01-13T17:30:00.000Z,187.0,Unhealthy
US Diplomatic Post: New Delhi-8118,2025-01-13T20:30:00.000Z,107.0,Unhealthy
US Diplomatic Post: New Delhi-8118,2025-01-14T00:30:00.000Z,131.0,Unhealthy
US Diplomatic Post: New Delhi-8118,2025-01-14T04:30:00.000Z,139.0,Unhealthy
US Diplomatic Post: New Delhi-8118,2025-01-14T08:30:00.000Z,140.0,Unhealthy
US Diplomatic Post: New Delhi-8118,2025-01-14T12:30:00.000Z,150.0,Unhealthy
US Diplomatic Post: New Delhi-8118,2025-01-14T16:30:00.000Z,219.0,Unhealthy
New Delhi-8118,2025-01-13T08:30:00.000Z,104.0,Unhealthy
New Delhi-8118,2025-01-13T12:30:00.000Z,117.0,Unhealthy
New Delhi-8118,2025-01-13T16:30:00.000Z,151.0,Unhealthy
US Diplomatic Post: New Delhi-8118,2025-01-13T19:30:00.000Z,135.0,Unhealthy
US Diplomatic Post: New Delhi-8118,2025-01-13T23:30:00.000Z,122.0,Unhealthy
US Diplomatic Post: New Delhi-8118,2025-01-14T03:30:00.000Z,134.0,Unhealthy
US Diplomatic Post: New Delhi-8118,2025-01-14T07:30:00.000Z,144.0,Unhealthy
US Diplomatic Post: New Delhi-8118,2025-01-14T11:30:00.000Z,134.0,Unhealthy
US Diplomatic Post: New Delhi-8118,2025-01-14T15:30:00.000Z,248.0,Unhealthy
US Diplomatic Post: New Delhi-8118,2025-01-28T14:30:00.000Z,126.0,Unhealthy
US Diplomatic Post: New Delhi-8118,2025-01-28T18:30:00.000Z,155.0,Unhealthy
US Diplomatic Post: New Delhi-8118,2025-01-28T21:30:00.000Z,181.0,Unhealthy
US Diplomatic Post: New Delhi-8118,2025-01-29T01:30:00.000Z,396.0,Unhealthy
US Diplomatic Post: New Delhi-8118,2025-01-29T05:30:00.000Z,345.0,Unhealthy
US Diplomatic Post: New Delhi-8118,2025-01-29T09:30:00.000Z,132.0,Unhealthy
US Diplomatic Post: New Delhi-8118,2025-01-29T13:30:00.000Z,146.0,Unhealthy
US Diplomatic Post: New Delhi-8118,2025-01-29T17:30:00.000Z,233.0,Unhealthy
US Diplomatic Post: New Delhi-8118,2025-01-17T20:30:00.000Z,153.0,Unhealthy
US Diplomatic Post: New Delhi-8118,2025-01-18T00:30:00.000Z,122.0,Unhealthy
US Diplomatic Post: New Delhi-8118,2025-01-18T04:30:00.000Z,117.0,Unhealthy
US Diplomatic Post: New Delhi-8118,2025-01-18T08:30:00.000Z,178.0,Unhealthy
US Diplomatic Post: New Delhi-8118,2025-01-18T12:30:00.000Z,200.0,Unhealthy
US Diplomatic Post: New Delhi-8118,2025-01-18T16:30:00.000Z,228.0,Unhealthy
US Diplomatic Post: New Delhi-8118,2025-01-18T19:30:00.000Z,225.0,Unhealthy
US Diplomatic Post: New Delhi-8118,2025-01-18T23:30:00.000Z,210.0,Unhealthy
US Diplomatic Post: New Delhi-8118,2025-01-17T21:30:00.000Z,137.0,Unhealthy
US Diplomatic Post: New Delhi-8118,2025-01-18T01:30:00.000Z,120.0,Unhealthy
US Diplomatic Post: New Delhi-8118,2025-01-18T05:30:00.000Z,132.0,Unhealthy
US Diplomatic Post: New Delhi-8118,2025-01-18T09:30:00.000Z,177.0,Unhealthy
US Diplomatic Post: New Delhi-8118,2025-01-18T13:30:00.000Z,186.0,Unhealthy
US Diplomatic Post: New Delhi-8118,2025-01-18T17:30:00.000Z,295.0,Unhealthy
US Diplomatic Post: New Delhi-8118,2025-01-18T20:30:00.000Z,232.0,Unhealthy
US Diplomatic Post: New Delhi-8118,2025-01-19T00:30:00.000Z,220.0,Unhealthy
US Diplomatic Post: New Delhi-8118,2025-01-17T22:30:00.000Z,131.0,Unhealthy
US Diplomatic Post: New Delhi-8118,2025-01-18T02:30:00.000Z,113.0,Unhealthy
US Diplomatic Post: New Delhi-8118,2025-01-18T06:30:00.000Z,137.0,Unhealthy
US Diplomatic Post: New Delhi-8118,2025-01-18T10:30:00.000Z,219.0,Unhealthy
US Diplomatic Post: New Delhi-8118,2025-01-18T14:30:00.000Z,188.0,Unhealthy
US Diplomatic Post: New Delhi-8118,2025-01-18T18:30:00.000Z,222.0,Unhealthy
US Diplomatic Post: New Delhi-8118,2025-01-18T21:30:00.000Z,232.0,Unhealthy
US Diplomatic Post: New Delhi-8118,2025-01-19T01:30:00.000Z,246.0,Unhealthy
US Diplomatic Post: New Delhi-8118,2025-02-09T22:30:00.000Z,178.0,Unhealthy
US Diplomatic Post: New Delhi-8118,2025-02-10T02:30:00.000Z,178.0,Unhealthy
US Diplomatic Post: New Delhi-8118,2025-02-10T06:30:00.000Z,72.0,Moderate
US Diplomatic Post: New Delhi-8118,2025-02-10T10:30:00.000Z,59.0,Moderate
US Diplomatic Post: New Delhi-8118,2025-02-10T14:30:00.000Z,86.0,Moderate
US Diplomatic Post: New Delhi-8118,2025-02-10T18:30:00.000Z,165.0,Unhealthy
US Diplomatic Post: New Delhi-8118,2025-02-10T21:30:00.000Z,214.0,Unhealthy
US Diplomatic Post: New Delhi-8118,2025-02-11T01:30:00.000Z,158.0,Unhealthy
US Diplomatic Post: New Delhi-8118,2025-02-10T00:30:00.000Z,165.0,Unhealthy
US Diplomatic Post: New Delhi-8118,2025-02-10T04:30:00.000Z,146.0,Unhealthy
US Diplomatic Post: New Delhi-8118,2025-02-10T08:30:00.000Z,48.0,Good
US Diplomatic Post: New Delhi-8118,2025-02-10T12:30:00.000Z,64.0,Moderate
US Diplomatic Post: New Delhi-8118,2025-02-10T16:30:00.000Z,129.0,Unhealthy
US Diplomatic Post: New Delhi-8118,2025-02-10T19:30:00.000Z,182.0,Unhealthy
US Diplomatic Post: New Delhi-8118,2025-02-10T23:30:00.000Z,150.0,Unhealthy
US Diplomatic Post: New Delhi-8118,2025-02-11T03:30:00.000Z,192.0,Unhealthy
US Diplomatic Post: New Delhi-8118,2025-02-10T01:30:00.000Z,174.0,Unhealthy
US Diplomatic Post: New Delhi-8118,2025-02-10T05:30:00.000Z,111.0,Unhealthy
US Diplomatic Post: New Delhi-8118,2025-02-10T09:30:00.000Z,55.0,Moderate
US Diplomatic Post: New Delhi-8118,2025-02-10T13:30:00.000Z,72.0,Moderate
US Diplomatic Post: New Delhi-8118,2025-02-10T17:30:00.000Z,163.0,Unhealthy
US Diplomatic Post: New Delhi-8118,2025-02-10T20:30:00.000Z,166.0,Unhealthy
US Diplomatic Post: New Delhi-8118,2025-02-11T00:30:00.000Z,158.0,Unhealthy
US Diplomatic Post: New Delhi-8118,2025-02-11T04:30:00.000Z,179.0,Unhealthy
US Diplomatic Post: New Delhi-8118,2025-01-26T10:30:00.000Z,52.0,Moderate
US Diplomatic Post: New Delhi-8118,2025-01-26T14:30:00.000Z,106.0,Unhealthy
US Diplomatic Post: New Delhi-8118,2025-01-26T18:30:00.000Z,109.0,Unhealthy
US Diplomatic Post: New Delhi-8118,2025-01-26T21:30:00.000Z,146.0,Unhealthy
US Diplomatic Post: New Delhi-8118,2025-01-27T01:30:00.000Z,129.0,Unhealthy
US Diplomatic Post: New Delhi-8118,2025-01-27T05:30:00.000Z,107.0,Unhealthy
US Diplomatic Post: New Delhi-8118,2025-01-27T09:30:00.000Z,60.0,Moderate
US Diplomatic Post: New Delhi-8118,2025-01-27T13:30:00.000Z,92.0,Moderate
US Diplomatic Post: New Delhi-8118,2025-01-24T04:30:00.000Z,117.0,Unhealthy
US Diplomatic Post: New Delhi-8118,2025-01-24T08:30:00.000Z,53.0,Moderate
US Diplomatic Post: New Delhi-8118,2025-01-24T12:30:00.000Z,50.0,Good
US Diplomatic Post: New Delhi-8118,2025-01-24T16:30:00.000Z,132.0,Unhealthy
US Diplomatic Post: New Delhi-8118,2025-01-24T19:30:00.000Z,103.0,Unhealthy
US Diplomatic Post: New Delhi-8118,2025-01-24T23:30:00.000Z,79.0,Moderate
US Diplomatic Post: New Delhi-8118,2025-01-25T03:30:00.000Z,69.0,Moderate
US Diplomatic Post: New Delhi-8118,2025-01-25T07:30:00.000Z,43.0,Good
US Diplomatic Post: New Delhi-8118,2025-01-28T15:30:00.000Z,177.0,Unhealthy
US Diplomatic Post: New Delhi-8118,2025-01-28T22:30:00.000Z,259.0,Unhealthy
US Diplomatic Post: New Delhi-8118,2025-01-29T02:30:00.000Z,364.0,Unhealthy
US Diplomatic Post: New Delhi-8118,2025-01-29T06:30:00.000Z,275.0,Unhealthy
US Diplomatic Post: New Delhi-8118,2025-01-29T10:30:00.000Z,118.0,Unhealthy
US Diplomatic Post: New Delhi-8118,2025-01-29T14:30:00.000Z,161.0,Unhealthy
US Diplomatic Post: New Delhi-8118,2025-01-29T18:30:00.000Z,232.0,Unhealthy
US Diplomatic Post: New Delhi-8118,2025-01-14T19:30:00.000Z,299.0,Unhealthy
US Diplomatic Post: New Delhi-8118,2025-01-14T23:30:00.000Z,332.0,Unhealthy
US Diplomatic Post: New Delhi-8118,2025-01-15T03:30:00.000Z,320.0,Unhealthy
US Diplomatic Post: New Delhi-8118,2025-01-15T07:30:00.000Z,318.0,Unhealthy
US Diplomatic Post: New Delhi-8118,2025-01-15T11:30:00.000Z,187.0,Unhealthy
US Diplomatic Post: New Delhi-8118,2025-01-15T15:30:00.000Z,207.0,Unhealthy
US Diplomatic Post: New Delhi-8118,2025-01-15T22:30:00.000Z,154.0,Unhealthy
US Diplomatic Post: New Delhi-8118,2025-01-28T16:30:00.000Z,184.0,Unhealthy
US Diplomatic Post: New Delhi-8118,2025-01-28T19:30:00.000Z,137.0,Unhealthy
US Diplomatic Post: New Delhi-8118,2025-01-28T23:30:00.000Z,331.0,Unhealthy
US Diplomatic Post: New Delhi-8118,2025-01-29T03:30:00.000Z,295.0,Unhealthy
US Diplomatic Post: New Delhi-8118,2025-01-29T07:30:00.000Z,217.0,Unhealthy
US Diplomatic Post: New Delhi-8118,2025-01-29T11:30:00.000Z,115.0,Unhealthy
US Diplomatic Post: New Delhi-8118,2025-01-29T15:30:00.000Z,186.0,Unhealthy
US Diplomatic Post: New Delhi-8118,2025-02-09T23:30:00.000Z,164.0,Unhealthy
US Diplomatic Post: New Delhi-8118,2025-02-10T03:30:00.000Z,202.0,Unhealthy
US Diplomatic Post: New Delhi-8118,2025-02-10T07:30:00.000Z,63.0,Moderate
US Diplomatic Post: New Delhi-8118,2025-02-10T11:30:00.000Z,61.0,Moderate
US Diplomatic Post: New Delhi-8118,2025-02-10T15:30:00.000Z,111.0,Unhealthy
US Diplomatic Post: New Delhi-8118,2025-02-10T22:30:00.000Z,137.0,Unhealthy
US Diplomatic Post: New Delhi-8118,2025-02-11T02:30:00.000Z,185.0,Unhealthy
New Delhi-8118,2025-01-13T10:30:00.000Z,113.0,Unhealthy
New Delhi-8118,2025-01-13T14:30:00.000Z,142.0,Unhealthy
New Delhi-8118,2025-01-13T18:30:00.000Z,188.0,Unhealthy
US Diplomatic Post: New Delhi-8118,2025-01-13T21:30:00.000Z,122.0,Unhealthy
US Diplomatic Post: New Delhi-8118,2025-01-14T01:30:00.000Z,124.0,Unhealthy
US Diplomatic Post: New Delhi-8118,2025-01-14T05:30:00.000Z,151.0,Unhealthy
US Diplomatic Post: New Delhi-8118,2025-01-14T09:30:00.000Z,148.0,Unhealthy
US Diplomatic Post: New Delhi-8118,2025-01-14T13:30:00.000Z,165.0,Unhealthy
US Diplomatic Post: New Delhi-8118,2025-01-24T03:30:00.000Z,115.0,Unhealthy
US Diplomatic Post: New Delhi-8118,2025-01-24T07:30:00.000Z,62.0,Moderate
US Diplomatic Post: New Delhi-8118,2025-01-24T11:30:00.000Z,36.0,Good
US Diplomatic Post: New Delhi-8118,2025-01-24T15:30:00.000Z,126.0,Unhealthy
US Diplomatic Post: New Delhi-8118,2025-01-24T22:30:00.000Z,87.0,Moderate
US Diplomatic Post: New Delhi-8118,2025-01-25T02:30:00.000Z,63.0,Moderate
US Diplomatic Post: New Delhi-8118,2025-01-25T06:30:00.000Z,47.0,Good
US Diplomatic Post: New Delhi-8118,2025-01-29T22:30:00.000Z,222.0,Unhealthy
US Diplomatic Post: New Delhi-8118,2025-01-30T02:30:00.000Z,226.0,Unhealthy
US Diplomatic Post: New Delhi-8118,2025-01-30T06:30:00.000Z,145.0,Unhealthy
US Diplomatic Post: New Delhi-8118,2025-01-30T10:30:00.000Z,112.0,Unhealthy
US Diplomatic Post: New Delhi-8118,2025-01-30T14:30:00.000Z,-999.0,Good
US Diplomatic Post: New Delhi-8118,2025-01-30T18:30:00.000Z,198.0,Unhealthy
US Diplomatic Post: New Delhi-8118,2025-01-30T21:30:00.000Z,-999.0,Good
US Diplomatic Post: New Delhi-8118,2025-01-29T20:30:00.000Z,236.0,Unhealthy
US Diplomatic Post: New Delhi-8118,2025-01-30T00:30:00.000Z,203.0,Unhealthy
US Diplomatic Post: New Delhi-8118,2025-01-30T04:30:00.000Z,238.0,Unhealthy
US Diplomatic Post: New Delhi-8118,2025-01-30T08:30:00.000Z,124.0,Unhealthy
US Diplomatic Post: New Delhi-8118,2025-01-30T12:30:00.000Z,116.0,Unhealthy
US Diplomatic Post: New Delhi-8118,2025-01-30T16:30:00.000Z,169.0,Unhealthy
US Diplomatic Post: New Delhi-8118,2025-01-30T19:30:00.000Z,202.0,Unhealthy
US Diplomatic Post: New Delhi-8118,2025-02-04T05:30:00.000Z,135.0,Unhealthy
US Diplomatic Post: New Delhi-8118,2025-02-04T09:30:00.000Z,118.0,Unhealthy
US Diplomatic Post: New Delhi-8118,2025-02-04T13:30:00.000Z,208.0,Unhealthy
US Diplomatic Post: New Delhi-8118,2025-02-04T17:30:00.000Z,235.0,Unhealthy
US Diplomatic Post: New Delhi-8118,2025-02-04T20:30:00.000Z,164.0,Unhealthy
US Diplomatic Post: New Delhi-8118,2025-02-05T00:30:00.000Z,121.0,Unhealthy
US Diplomatic Post: New Delhi-8118,2025-02-05T04:30:00.000Z,120.0,Unhealthy
US Diplomatic Post: New Delhi-8118,2025-01-29T21:30:00.000Z,232.0,Unhealthy
US Diplomatic Post: New Delhi-8118,2025-01-30T01:30:00.000Z,206.0,Unhealthy
US Diplomatic Post: New Delhi-8118,2025-01-30T05:30:00.000Z,189.0,Unhealthy
US Diplomatic Post: New Delhi-8118,2025-01-30T09:30:00.000Z,111.0,Unhealthy
US Diplomatic Post: New Delhi-8118,2025-01-30T13:30:00.000Z,118.0,Unhealthy
US Diplomatic Post: New Delhi-8118,2025-01-30T17:30:00.000Z,186.0,Unhealthy
US Diplomatic Post: New Delhi-8118,2025-01-30T20:30:00.000Z,211.0,Unhealthy
US Diplomatic Post: New Delhi-8118,2025-02-01T09:30:00.000Z,219.0,Unhealthy
US Diplomatic Post: New Delhi-8118,2025-02-01T13:30:00.000Z,195.0,Unhealthy
US Diplomatic Post: New Delhi-8118,2025-02-01T17:30:00.000Z,215.0,Unhealthy
US Diplomatic Post: New Delhi-8118,2025-02-01T20:30:00.000Z,170.0,Unhealthy
US Diplomatic Post: New Delhi-8118,2025-02-02T00:30:00.000Z,177.0,Unhealthy
US Diplomatic Post: New Delhi-8118,2025-02-02T04:30:00.000Z,208.0,Unhealthy
US Diplomatic Post: New Delhi-8118,2025-02-02T08:30:00.000Z,183.0,Unhealthy
US Diplomatic Post: New Delhi-8118,2025-02-01T10:30:00.000Z,94.0,Moderate
US Diplomatic Post: New Delhi-8118,2025-02-01T14:30:00.000Z,227.0,Unhealthy
US Diplomatic Post: New Delhi-8118,2025-02-01T18:30:00.000Z,198.0,Unhealthy
US Diplomatic Post: New Delhi-8118,2025-02-01T21:30:00.000Z,174.0,Unhealthy
US Diplomatic Post: New Delhi-8118,2025-02-02T01:30:00.000Z,183.0,Unhealthy
US Diplomatic Post: New Delhi-8118,2025-02-02T05:30:00.000Z,227.0,Unhealthy
US Diplomatic Post: New Delhi-8118,2025-02-02T09:30:00.000Z,174.0,Unhealthy
US Diplomatic Post: New Delhi-8118,2025-01-21T22:30:00.000Z,119.0,Unhealthy
US Diplomatic Post: New Delhi-8118,2025-01-22T02:30:00.000Z,120.0,Unhealthy
US Diplomatic Post: New Delhi-8118,2025-01-22T06:30:00.000Z,111.0,Unhealthy
US Diplomatic Post: New Delhi-8118,2025-01-22T10:30:00.000Z,58.0,Moderate
US Diplomatic Post: New Delhi-8118,2025-01-22T14:30:00.000Z,115.0,Unhealthy
US Diplomatic Post: New Delhi-8118,2025-01-22T18:30:00.000Z,256.0,Unhealthy
US Diplomatic Post: New Delhi-8118,2025-01-22T21:30:00.000Z,142.0,Unhealthy
US Diplomatic Post: New Delhi-8118,2025-01-22T00:30:00.000Z,130.0,Unhealthy
US Diplomatic Post: New Delhi-8118,2025-01-22T04:30:00.000Z,144.0,Unhealthy
US Diplomatic Post: New Delhi-8118,2025-01-22T08:30:00.000Z,67.0,Moderate
US Diplomatic Post: New Delhi-8118,2025-01-22T12:30:00.000Z,56.0,Moderate
US Diplomatic Post: New Delhi-8118,2025-01-22T16:30:00.000Z,189.0,Unhealthy
US Diplomatic Post: New Delhi-8118,2025-01-22T19:30:00.000Z,176.0,Unhealthy
US Diplomatic Post: New Delhi-8118,2025-01-22T23:30:00.000Z,158.0,Unhealthy
US Diplomatic Post: New Delhi-8118,2025-01-27T14:30:00.000Z,128.0,Unhealthy
US Diplomatic Post: New Delhi-8118,2025-01-27T18:30:00.000Z,132.0,Unhealthy
US Diplomatic Post: New Delhi-8118,2025-01-27T21:30:00.000Z,124.0,Unhealthy
US Diplomatic Post: New Delhi-8118,2025-01-28T01:30:00.000Z,104.0,Unhealthy
US Diplomatic Post: New Delhi-8118,2025-01-28T05:30:00.000Z,122.0,Unhealthy
US Diplomatic Post: New Delhi-8118,2025-01-28T09:30:00.000Z,70.0,Moderate
US Diplomatic Post: New Delhi-8118,2025-01-28T13:30:00.000Z,104.0,Unhealthy
US Diplomatic Post: New Delhi-8118,2025-01-28T17:30:00.000Z,174.0,Unhealthy
US Diplomatic Post: New Delhi-8118,2025-01-28T20:30:00.000Z,159.0,Unhealthy
US Diplomatic Post: New Delhi-8118,2025-01-29T00:30:00.000Z,380.0,Unhealthy
US Diplomatic Post: New Delhi-8118,2025-01-29T04:30:00.000Z,362.0,Unhealthy
US Diplomatic Post: New Delhi-8118,2025-01-29T08:30:00.000Z,155.0,Unhealthy
US Diplomatic Post: New Delhi-8118,2025-01-29T12:30:00.000Z,134.0,Unhealthy
US Diplomatic Post: New Delhi-8118,2025-01-29T16:30:00.000Z,231.0,Unhealthy
US Diplomatic Post: New Delhi-8118,2025-02-05T06:30:00.000Z,97.0,Moderate
US Diplomatic Post: New Delhi-8118,2025-02-05T10:30:00.000Z,43.0,Good
US Diplomatic Post: New Delhi-8118,2025-02-05T14:30:00.000Z,100.0,Moderate
US Diplomatic Post: New Delhi-8118,2025-02-05T18:30:00.000Z,153.0,Unhealthy
US Diplomatic Post: New Delhi-8118,2025-02-05T21:30:00.000Z,129.0,Unhealthy
US Diplomatic Post: New Delhi-8118,2025-02-06T01:30:00.000Z,118.0,Unhealthy
US Diplomatic Post: New Delhi-8118,2025-02-06T05:30:00.000Z,103.0,Unhealthy
US Diplomatic Post: New Delhi-8118,2025-01-23T02:30:00.000Z,181.0,Unhealthy
US Diplomatic Post: New Delhi-8118,2025-01-23T06:30:00.000Z,116.0,Unhealthy
US Diplomatic Post: New Delhi-8118,2025-01-23T10:30:00.000Z,41.0,Good
US Diplomatic Post: New Delhi-8118,2025-01-23T14:30:00.000Z,97.0,Moderate
US Diplomatic Post: New Delhi-8118,2025-01-23T18:30:00.000Z,91.0,Moderate
US Diplomatic Post: New Delhi-8118,2025-01-23T21:30:00.000Z,93.0,Moderate
US Diplomatic Post: New Delhi-8118,2025-01-24T01:30:00.000Z,121.0,Unhealthy
US Diplomatic Post: New Delhi-8118,2025-01-26T12:30:00.000Z,52.0,Moderate
US Diplomatic Post: New Delhi-8118,2025-01-26T16:30:00.000Z,135.0,Unhealthy
US Diplomatic Post: New Delhi-8118,2025-01-26T19:30:00.000Z,118.0,Unhealthy
US Diplomatic Post: New Delhi-8118,2025-01-26T23:30:00.000Z,139.0,Unhealthy
US Diplomatic Post: New Delhi-8118,2025-01-27T03:30:00.000Z,118.0,Unhealthy
US Diplomatic Post: New Delhi-8118,2025-01-27T07:30:00.000Z,101.0,Unhealthy
US Diplomatic Post: New Delhi-8118,2025-01-27T11:30:00.000Z,70.0,Moderate
US Diplomatic Post: New Delhi-8118,2025-01-26T13:30:00.000Z,77.0,Moderate
US Diplomatic Post: New Delhi-8118,2025-01-26T17:30:00.000Z,122.0,Unhealthy
US Diplomatic Post: New Delhi-8118,2025-01-26T20:30:00.000Z,132.0,Unhealthy
US Diplomatic Post: New Delhi-8118,2025-01-27T00:30:00.000Z,127.0,Unhealthy
US Diplomatic Post: New Delhi-8118,2025-01-27T04:30:00.000Z,119.0,Unhealthy
US Diplomatic Post: New Delhi-8118,2025-01-27T08:30:00.000Z,71.0,Moderate
US Diplomatic Post: New Delhi-8118,2025-01-27T12:30:00.000Z,81.0,Moderate
US Diplomatic Post: New Delhi-8118,2025-02-05T05:30:00.000Z,111.0,Unhealthy
US Diplomatic Post: New Delhi-8118,2025-02-05T09:30:00.000Z,48.0,Good
US Diplomatic Post: New Delhi-8118,2025-02-05T13:30:00.000Z,54.0,Moderate
US Diplomatic Post: New Delhi-8118,2025-02-05T17:30:00.000Z,156.0,Unhealthy
US Diplomatic Post: New Delhi-8118,2025-02-05T20:30:00.000Z,134.0,Unhealthy
US Diplomatic Post: New Delhi-8118,2025-02-06T00:30:00.000Z,128.0,Unhealthy
US Diplomatic Post: New Delhi-8118,2025-02-06T04:30:00.000Z,128.0,Unhealthy
US Diplomatic Post: New Delhi-8118,2025-01-23T01:30:00.000Z,155.0,Unhealthy
US Diplomatic Post: New Delhi-8118,2025-01-23T05:30:00.000Z,175.0,Unhealthy
US Diplomatic Post: New Delhi-8118,2025-01-23T09:30:00.000Z,36.0,Good
US Diplomatic Post: New Delhi-8118,2025-01-23T13:30:00.000Z,55.0,Moderate
US Diplomatic Post: New Delhi-8118,2025-01-23T17:30:00.000Z,92.0,Moderate
US Diplomatic Post: New Delhi-8118,2025-01-23T20:30:00.000Z,102.0,Unhealthy
US Diplomatic Post: New Delhi-8118,2025-01-24T00:30:00.000Z,123.0,Unhealthy
US Diplomatic Post: New Delhi-8118,2025-01-21T21:30:00.000Z,127.0,Unhealthy
US Diplomatic Post: New Delhi-8118,2025-01-22T01:30:00.000Z,136.0,Unhealthy
US Diplomatic Post: New Delhi-8118,2025-01-22T05:30:00.000Z,121.0,Unhealthy
US Diplomatic Post: New Delhi-8118,2025-01-22T09:30:00.000Z,66.0,Moderate
US Diplomatic Post: New Delhi-8118,2025-01-22T13:30:00.000Z,78.0,Moderate
US Diplomatic Post: New Delhi-8118,2025-01-22T17:30:00.000Z,247.0,Unhealthy
US Diplomatic Post: New Delhi-8118,2025-01-22T20:30:00.000Z,123.0,Unhealthy
US Diplomatic Post: New Delhi-8118,2025-01-23T00:30:00.000Z,156.0,Unhealthy
US Diplomatic Post: New Delhi-8118,2025-01-23T04:30:00.000Z,164.0,Unhealthy
US Diplomatic Post: New Delhi-8118,2025-01-23T08:30:00.000Z,43.0,Good
US Diplomatic Post: New Delhi-8118,2025-01-23T12:30:00.000Z,44.0,Good
US Diplomatic Post: New Delhi-8118,2025-01-23T16:30:00.000Z,99.0,Moderate
US Diplomatic Post: New Delhi-8118,2025-01-23T19:30:00.000Z,94.0,Moderate
US Diplomatic Post: New Delhi-8118,2025-01-23T23:30:00.000Z,121.0,Unhealthy
US Diplomatic Post: New Delhi-8118,2025-01-24T05:30:00.000Z,96.0,Moderate
US Diplomatic Post: New Delhi-8118,2025-01-24T09:30:00.000Z,41.0,Good
US Diplomatic Post: New Delhi-8118,2025-01-24T13:30:00.000Z,67.0,Moderate
US Diplomatic Post: New Delhi-8118,2025-01-24T17:30:00.000Z,116.0,Unhealthy
US Diplomatic Post: New Delhi-8118,2025-01-24T20:30:00.000Z,90.0,Moderate
US Diplomatic Post: New Delhi-8118,2025-01-25T00:30:00.000Z,74.0,Moderate
US Diplomatic Post: New Delhi-8118,2025-01-25T04:30:00.000Z,59.0,Moderate
US Diplomatic Post: New Delhi-8118,2025-01-24T06:30:00.000Z,77.0,Moderate
US Diplomatic Post: New Delhi-8118,2025-01-24T10:30:00.000Z,31.0,Good
US Diplomatic Post: New Delhi-8118,2025-01-24T14:30:00.000Z,89.0,Moderate
US Diplomatic Post: New Delhi-8118,2025-01-24T18:30:00.000Z,101.0,Unhealthy
US Diplomatic Post: New Delhi-8118,2025-01-24T21:30:00.000Z,90.0,Moderate
US Diplomatic Post: New Delhi-8118,2025-01-25T01:30:00.000Z,69.0,Moderate
US Diplomatic Post: New Delhi-8118,2025-01-25T05:30:00.000Z,53.0,Moderate
US Diplomatic Post: New Delhi-8118,2025-01-25T09:30:00.000Z,43.0,Good
US Diplomatic Post: New Delhi-8118,2025-01-25T13:30:00.000Z,65.0,Moderate
US Diplomatic Post: New Delhi-8118,2025-01-25T17:30:00.000Z,91.0,Moderate
US Diplomatic Post: New Delhi-8118,2025-01-25T20:30:00.000Z,88.0,Moderate
US Diplomatic Post: New Delhi-8118,2025-01-26T00:30:00.000Z,91.0,Moderate
US Diplomatic Post: New Delhi-8118,2025-01-26T04:30:00.000Z,85.0,Moderate
US Diplomatic Post: New Delhi-8118,2025-01-26T08:30:00.000Z,56.0,Moderate
US Diplomatic Post: New Delhi-8118,2025-01-25T10:30:00.000Z,41.0,Good
US Diplomatic Post: New Delhi-8118,2025-01-25T14:30:00.000Z,119.0,Unhealthy
US Diplomatic Post: New Delhi-8118,2025-01-25T18:30:00.000Z,88.0,Moderate
US Diplomatic Post: New Delhi-8118,2025-01-25T21:30:00.000Z,89.0,Moderate
US Diplomatic Post: New Delhi-8118,2025-01-26T01:30:00.000Z,80.0,Moderate
US Diplomatic Post: New Delhi-8118,2025-01-26T05:30:00.000Z,87.0,Moderate
US Diplomatic Post: New Delhi-8118,2025-01-26T09:30:00.000Z,58.0,Moderate
US Diplomatic Post: New Delhi-8118,2025-01-25T08:30:00.000Z,45.0,Good
US Diplomatic Post: New Delhi-8118,2025-01-25T12:30:00.000Z,52.0,Moderate
US Diplomatic Post: New Delhi-8118,2025-01-25T16:30:00.000Z,93.0,Moderate
US Diplomatic Post: New Delhi-8118,2025-01-25T19:30:00.000Z,82.0,Moderate
US Diplomatic Post: New Delhi-8118,2025-01-25T23:30:00.000Z,90.0,Moderate
US Diplomatic Post: New Delhi-8118,2025-01-26T03:30:00.000Z,82.0,Moderate
US Diplomatic Post: New Delhi-8118,2025-01-26T07:30:00.000Z,64.0,Moderate
New Delhi-8118,2025-01-13T11:30:00.000Z,117.0,Unhealthy
New Delhi-8118,2025-01-13T15:30:00.000Z,127.0,Unhealthy
US Diplomatic Post: New Delhi-8118,2025-01-13T22:30:00.000Z,121.0,Unhealthy
US Diplomatic Post: New Delhi-8118,2025-01-14T02:30:00.000Z,136.0,Unhealthy
US Diplomatic Post: New Delhi-8118,2025-01-14T06:30:00.000Z,166.0,Unhealthy
US Diplomatic Post: New Delhi-8118,2025-01-14T10:30:00.000Z,140.0,Unhealthy
US Diplomatic Post: New Delhi-8118,2025-01-14T14:30:00.000Z,216.0,Unhealthy
US Diplomatic Post: New Delhi-8118,2025-01-20T17:30:00.000Z,194.0,Unhealthy
New Delhi-8118,2025-01-20T20:30:00.000Z,162.0,Unhealthy
New Delhi-8118,2025-01-21T00:30:00.000Z,143.0,Unhealthy
New Delhi-8118,2025-01-21T04:30:00.000Z,145.0,Unhealthy
New Delhi-8118,2025-01-21T08:30:00.000Z,102.0,Unhealthy
New Delhi-8118,2025-01-21T12:30:00.000Z,100.0,Moderate
New Delhi-8118,2025-01-21T16:30:00.000Z,170.0,Unhealthy
US Diplomatic Post: New Delhi-8118,2025-01-21T19:30:00.000Z,166.0,Unhealthy
US Diplomatic Post: New Delhi-8118,2025-01-20T18:30:00.000Z,158.0,Unhealthy
New Delhi-8118,2025-01-20T21:30:00.000Z,157.0,Unhealthy
New Delhi-8118,2025-01-21T01:30:00.000Z,140.0,Unhealthy
New Delhi-8118,2025-01-21T05:30:00.000Z,117.0,Unhealthy
New Delhi-8118,2025-01-21T09:30:00.000Z,85.0,Moderate
New Delhi-8118,2025-01-21T13:30:00.000Z,124.0,Unhealthy
New Delhi-8118,2025-01-21T17:30:00.000Z,156.0,Unhealthy
US Diplomatic Post: New Delhi-8118,2025-01-21T20:30:00.000Z,135.0,Unhealthy
US Diplomatic Post: New Delhi-8118,2025-01-29T19:30:00.000Z,235.0,Unhealthy
US Diplomatic Post: New Delhi-8118,2025-01-29T23:30:00.000Z,211.0,Unhealthy
US Diplomatic Post: New Delhi-8118,2025-01-30T03:30:00.000Z,261.0,Unhealthy
US Diplomatic Post: New Delhi-8118,2025-01-30T07:30:00.000Z,125.0,Unhealthy
US Diplomatic Post: New Delhi-8118,2025-01-30T11:30:00.000Z,115.0,Unhealthy
US Diplomatic Post: New Delhi-8118,2025-01-30T15:30:00.000Z,160.0,Unhealthy
US Diplomatic Post: New Delhi-8118,2025-02-05T07:30:00.000Z,69.0,Moderate
US Diplomatic Post: New Delhi-8118,2025-02-05T11:30:00.000Z,37.0,Good
US Diplomatic Post: New Delhi-8118,2025-02-05T15:30:00.000Z,112.0,Unhealthy
US Diplomatic Post: New Delhi-8118,2025-02-05T22:30:00.000Z,135.0,Unhealthy
US Diplomatic Post: New Delhi-8118,2025-02-06T02:30:00.000Z,118.0,Unhealthy
US Diplomatic Post: New Delhi-8118,2025-02-06T06:30:00.000Z,76.0,Moderate
US Diplomatic Post: New Delhi-8118,2025-02-18T19:30:00.000Z,102.0,Unhealthy
US Diplomatic Post: New Delhi-8118,2025-02-18T23:30:00.000Z,115.0,Unhealthy
US Diplomatic Post: New Delhi-8118,2025-02-19T03:30:00.000Z,108.0,Unhealthy
US Diplomatic Post: New Delhi-8118,2025-02-19T07:30:00.000Z,57.0,Moderate
US Diplomatic Post: New Delhi-8118,2025-02-19T11:30:00.000Z,34.0,Good
US Diplomatic Post: New Delhi-8118,2025-02-19T15:30:00.000Z,73.0,Moderate
US Diplomatic Post: New Delhi-8118,2025-01-26T11:30:00.000Z,59.0,Moderate
US Diplomatic Post: New Delhi-8118,2025-01-26T15:30:00.000Z,146.0,Unhealthy
US Diplomatic Post: New Delhi-8118,2025-01-26T22:30:00.000Z,143.0,Unhealthy
US Diplomatic Post: New Delhi-8118,2025-01-27T02:30:00.000Z,122.0,Unhealthy
US Diplomatic Post: New Delhi-8118,2025-01-27T06:30:00.000Z,90.0,Moderate
US Diplomatic Post: New Delhi-8118,2025-01-27T10:30:00.000Z,64.0,Moderate
US Diplomatic Post: New Delhi-8118,2025-01-21T23:30:00.000Z,136.0,Unhealthy
US Diplomatic Post: New Delhi-8118,2025-01-22T03:30:00.000Z,123.0,Unhealthy
US Diplomatic Post: New Delhi-8118,2025-01-22T07:30:00.000Z,72.0,Moderate
US Diplomatic Post: New Delhi-8118,2025-01-22T11:30:00.000Z,51.0,Moderate
US Diplomatic Post: New Delhi-8118,2025-01-22T15:30:00.000Z,152.0,Unhealthy
US Diplomatic Post: New Delhi-8118,2025-01-22T22:30:00.000Z,149.0,Unhealthy
US Diplomatic Post: New Delhi-8118,2025-01-23T03:30:00.000Z,158.0,Unhealthy
US Diplomatic Post: New Delhi-8118,2025-01-23T07:30:00.000Z,65.0,Moderate
US Diplomatic Post: New Delhi-8118,2025-01-23T11:30:00.000Z,38.0,Good
US Diplomatic Post: New Delhi-8118,2025-01-23T15:30:00.000Z,113.0,Unhealthy
US Diplomatic Post: New Delhi-8118,2025-01-23T22:30:00.000Z,99.0,Moderate
US Diplomatic Post: New Delhi-8118,2025-01-24T02:30:00.000Z,117.0,Unhealthy
US Diplomatic Post: New Delhi-8118,2025-02-06T07:30:00.000Z,46.0,Good
US Diplomatic Post: New Delhi-8118,2025-02-06T11:30:00.000Z,39.0,Good
US Diplomatic Post: New Delhi-8118,2025-02-06T15:30:00.000Z,90.0,Moderate
US Diplomatic Post: New Delhi-8118,2025-02-06T22:30:00.000Z,103.0,Unhealthy
US Diplomatic Post: New Delhi-8118,2025-02-07T02:30:00.000Z,83.0,Moderate
US Diplomatic Post: New Delhi-8118,2025-02-07T06:30:00.000Z,47.0,Good
US Diplomatic Post: New Delhi-8118,2025-02-18T22:30:00.000Z,100.0,Moderate
US Diplomatic Post: New Delhi-8118,2025-02-19T02:30:00.000Z,98.0,Moderate
US Diplomatic Post: New Delhi-8118,2025-02-19T06:30:00.000Z,67.0,Moderate
US Diplomatic Post: New Delhi-8118,2025-02-19T10:30:00.000Z,31.0,Good
US Diplomatic Post: New Delhi-8118,2025-02-19T14:30:00.000Z,64.0,Moderate
US Diplomatic Post: New Delhi-8118,2025-02-19T18:30:00.000Z,53.0,Moderate
US Diplomatic Post: New Delhi-8118,2025-02-02T12:30:00.000Z,172.0,Unhealthy
US Diplomatic Post: New Delhi-8118,2025-02-02T16:30:00.000Z,195.0,Unhealthy
US Diplomatic Post: New Delhi-8118,2025-02-02T19:30:00.000Z,153.0,Unhealthy
US Diplomatic Post: New Delhi-8118,2025-02-02T23:30:00.000Z,158.0,Unhealthy
US Diplomatic Post: New Delhi-8118,2025-02-03T03:30:00.000Z,120.0,Unhealthy
US Diplomatic Post: New Delhi-8118,2025-02-03T07:30:00.000Z,100.0,Moderate
US Diplomatic Post: New Delhi-8118,2025-02-01T12:30:00.000Z,196.0,Unhealthy
US Diplomatic Post: New Delhi-8118,2025-02-01T16:30:00.000Z,219.0,Unhealthy
US Diplomatic Post: New Delhi-8118,2025-02-01T19:30:00.000Z,177.0,Unhealthy
US Diplomatic Post: New Delhi-8118,2025-02-01T23:30:00.000Z,191.0,Unhealthy
US Diplomatic Post: New Delhi-8118,2025-02-02T03:30:00.000Z,183.0,Unhealthy
US Diplomatic Post: New Delhi-8118,2025-02-02T07:30:00.000Z,197.0,Unhealthy
US Diplomatic Post: New Delhi-8118,2025-02-02T10:30:00.000Z,167.0,Unhealthy
US Diplomatic Post: New Delhi-8118,2025-02-02T14:30:00.000Z,169.0,Unhealthy
US Diplomatic Post: New Delhi-8118,2025-02-02T18:30:00.000Z,165.0,Unhealthy
US Diplomatic Post: New Delhi-8118,2025-02-02T21:30:00.000Z,138.0,Unhealthy
US Diplomatic Post: New Delhi-8118,2025-02-03T01:30:00.000Z,143.0,Unhealthy
US Diplomatic Post: New Delhi-8118,2025-02-03T05:30:00.000Z,136.0,Unhealthy
US Diplomatic Post: New Delhi-8118,2025-02-02T13:30:00.000Z,163.0,Unhealthy
US Diplomatic Post: New Delhi-8118,2025-02-02T17:30:00.000Z,184.0,Unhealthy
US Diplomatic Post: New Delhi-8118,2025-02-02T20:30:00.000Z,146.0,Unhealthy
US Diplomatic Post: New Delhi-8118,2025-02-03T00:30:00.000Z,153.0,Unhealthy
US Diplomatic Post: New Delhi-8118,2025-02-03T04:30:00.000Z,192.0,Unhealthy
US Diplomatic Post: New Delhi-8118,2025-02-03T08:30:00.000Z,55.0,Moderate
US Diplomatic Post: New Delhi-8118,2025-02-04T06:30:00.000Z,141.0,Unhealthy
US Diplomatic Post: New Delhi-8118,2025-02-04T10:30:00.000Z,165.0,Unhealthy
US Diplomatic Post: New Delhi-8118,2025-02-04T14:30:00.000Z,214.0,Unhealthy
US Diplomatic Post: New Delhi-8118,2025-02-04T18:30:00.000Z,206.0,Unhealthy
US Diplomatic Post: New Delhi-8118,2025-02-04T21:30:00.000Z,156.0,Unhealthy
US Diplomatic Post: New Delhi-8118,2025-02-05T01:30:00.000Z,132.0,Unhealthy
US Diplomatic Post: New Delhi-8118,2025-02-04T08:30:00.000Z,92.0,Moderate
US Diplomatic Post: New Delhi-8118,2025-02-04T12:30:00.000Z,193.0,Unhealthy
US Diplomatic Post: New Delhi-8118,2025-02-04T16:30:00.000Z,240.0,Unhealthy
US Diplomatic Post: New Delhi-8118,2025-02-04T19:30:00.000Z,197.0,Unhealthy
US Diplomatic Post: New Delhi-8118,2025-02-04T23:30:00.000Z,126.0,Unhealthy
US Diplomatic Post: New Delhi-8118,2025-02-05T03:30:00.000Z,139.0,Unhealthy
US Diplomatic Post: New Delhi-8118,2025-02-05T08:30:00.000Z,48.0,Good
US Diplomatic Post: New Delhi-8118,2025-02-05T12:30:00.000Z,34.0,Good
US Diplomatic Post: New Delhi-8118,2025-02-05T16:30:00.000Z,135.0,Unhealthy
US Diplomatic Post: New Delhi-8118,2025-02-05T19:30:00.000Z,131.0,Unhealthy
US Diplomatic Post: New Delhi-8118,2025-02-05T23:30:00.000Z,132.0,Unhealthy
US Diplomatic Post: New Delhi-8118,2025-02-06T03:30:00.000Z,126.0,Unhealthy
US Diplomatic Post: New Delhi-8118,2025-01-27T16:30:00.000Z,148.0,Unhealthy
US Diplomatic Post: New Delhi-8118,2025-01-27T19:30:00.000Z,124.0,Unhealthy
US Diplomatic Post: New Delhi-8118,2025-01-27T23:30:00.000Z,98.0,Moderate
US Diplomatic Post: New Delhi-8118,2025-01-28T03:30:00.000Z,124.0,Unhealthy
US Diplomatic Post: New Delhi-8118,2025-01-28T07:30:00.000Z,88.0,Moderate
US Diplomatic Post: New Delhi-8118,2025-01-28T11:30:00.000Z,70.0,Moderate
US Diplomatic Post: New Delhi-8118,2025-02-03T09:30:00.000Z,53.0,Moderate
US Diplomatic Post: New Delhi-8118,2025-02-03T13:30:00.000Z,74.0,Moderate
US Diplomatic Post: New Delhi-8118,2025-02-03T17:30:00.000Z,119.0,Unhealthy
US Diplomatic Post: New Delhi-8118,2025-02-03T20:30:00.000Z,141.0,Unhealthy
US Diplomatic Post: New Delhi-8118,2025-02-04T00:30:00.000Z,105.0,Unhealthy
US Diplomatic Post: New Delhi-8118,2025-02-04T04:30:00.000Z,153.0,Unhealthy
US Diplomatic Post: New Delhi-8118,2025-02-11T05:30:00.000Z,86.0,Moderate
US Diplomatic Post: New Delhi-8118,2025-02-11T09:30:00.000Z,57.0,Moderate
US Diplomatic Post: New Delhi-8118,2025-02-11T13:30:00.000Z,68.0,Moderate
US Diplomatic Post: New Delhi-8118,2025-02-11T17:30:00.000Z,113.0,Unhealthy
US Diplomatic Post: New Delhi-8118,2025-02-11T20:30:00.000Z,130.0,Unhealthy
US Diplomatic Post: New Delhi-8118,2025-02-12T00:30:00.000Z,123.0,Unhealthy
US Diplomatic Post: New Delhi-8118,2025-02-09T01:30:00.000Z,99.0,Moderate
US Diplomatic Post: New Delhi-8118,2025-02-09T05:30:00.000Z,93.0,Moderate
US Diplomatic Post: New Delhi-8118,2025-02-09T09:30:00.000Z,66.0,Moderate
US Diplomatic Post: New Delhi-8118,2025-02-09T13:30:00.000Z,103.0,Unhealthy
US Diplomatic Post: New Delhi-8118,2025-02-09T17:30:00.000Z,174.0,Unhealthy
US Diplomatic Post: New Delhi-8118,2025-02-09T20:30:00.000Z,194.0,Unhealthy
US Diplomatic Post: New Delhi-8118,2025-02-17T01:30:00.000Z,100.0,Moderate
US Diplomatic Post: New Delhi-8118,2025-02-17T05:30:00.000Z,93.0,Moderate
US Diplomatic Post: New Delhi-8118,2025-02-17T09:30:00.000Z,60.0,Moderate
US Diplomatic Post: New Delhi-8118,2025-02-17T13:30:00.000Z,66.0,Moderate
US Diplomatic Post: New Delhi-8118,2025-02-17T17:30:00.000Z,107.0,Unhealthy
US Diplomatic Post: New Delhi-8118,2025-02-17T20:30:00.000Z,127.0,Unhealthy
US Diplomatic Post: New Delhi-8118,2025-01-27T17:30:00.000Z,133.0,Unhealthy
US Diplomatic Post: New Delhi-8118,2025-01-27T20:30:00.000Z,118.0,Unhealthy
US Diplomatic Post: New Delhi-8118,2025-01-28T00:30:00.000Z,102.0,Unhealthy
US Diplomatic Post: New Delhi-8118,2025-01-28T04:30:00.000Z,137.0,Unhealthy
US Diplomatic Post: New Delhi-8118,2025-01-28T08:30:00.000Z,89.0,Moderate
US Diplomatic Post: New Delhi-8118,2025-01-28T12:30:00.000Z,80.0,Moderate
US Diplomatic Post: New Delhi-8118,2025-02-07T08:30:00.000Z,27.0,Good
US Diplomatic Post: New Delhi-8118,2025-02-07T12:30:00.000Z,31.0,Good
US Diplomatic Post: New Delhi-8118,2025-02-07T16:30:00.000Z,68.0,Moderate
US Diplomatic Post: New Delhi-8118,2025-02-07T19:30:00.000Z,104.0,Unhealthy
US Diplomatic Post: New Delhi-8118,2025-02-07T23:30:00.000Z,77.0,Moderate
US Diplomatic Post: New Delhi-8118,2025-02-08T03:30:00.000Z,83.0,Moderate
US Diplomatic Post: New Delhi-8118,2025-02-11T06:30:00.000Z,73.0,Moderate
US Diplomatic Post: New Delhi-8118,2025-02-11T10:30:00.000Z,89.0,Moderate
US Diplomatic Post: New Delhi-8118,2025-02-11T14:30:00.000Z,89.0,Moderate
US Diplomatic Post: New Delhi-8118,2025-02-11T18:30:00.000Z,109.0,Unhealthy
US Diplomatic Post: New Delhi-8118,2025-02-11T21:30:00.000Z,168.0,Unhealthy
US Diplomatic Post: New Delhi-8118,2025-02-12T01:30:00.000Z,97.0,Moderate
US Diplomatic Post: New Delhi-8118,2025-02-12T22:30:00.000Z,80.0,Moderate
US Diplomatic Post: New Delhi-8118,2025-02-13T02:30:00.000Z,79.0,Moderate
US Diplomatic Post: New Delhi-8118,2025-02-13T06:30:00.000Z,56.0,Moderate
US Diplomatic Post: New Delhi-8118,2025-02-13T10:30:00.000Z,-999.0,Good
US Diplomatic Post: New Delhi-8118,2025-02-13T14:30:00.000Z,47.0,Good
US Diplomatic Post: New Delhi-8118,2025-02-13T18:30:00.000Z,62.0,Moderate
US Diplomatic Post: New Delhi-8118,2025-02-17T21:30:00.000Z,95.0,Moderate
US Diplomatic Post: New Delhi-8118,2025-02-18T01:30:00.000Z,97.0,Moderate
US Diplomatic Post: New Delhi-8118,2025-02-18T05:30:00.000Z,131.0,Unhealthy
US Diplomatic Post: New Delhi-8118,2025-02-18T09:30:00.000Z,17.0,Good
US Diplomatic Post: New Delhi-8118,2025-02-18T13:30:00.000Z,37.0,Good
US Diplomatic Post: New Delhi-8118,2025-02-18T17:30:00.000Z,106.0,Unhealthy
US Diplomatic Post: New Delhi-8118,2025-02-17T22:30:00.000Z,85.0,Moderate
US Diplomatic Post: New Delhi-8118,2025-02-18T02:30:00.000Z,107.0,Unhealthy
US Diplomatic Post: New Delhi-8118,2025-02-18T06:30:00.000Z,84.0,Moderate
US Diplomatic Post: New Delhi-8118,2025-02-18T10:30:00.000Z,28.0,Good
US Diplomatic Post: New Delhi-8118,2025-02-18T14:30:00.000Z,44.0,Good
US Diplomatic Post: New Delhi-8118,2025-02-18T18:30:00.000Z,112.0,Unhealthy
US Diplomatic Post: New Delhi-8118,2025-02-18T20:30:00.000Z,100.0,Moderate
US Diplomatic Post: New Delhi-8118,2025-02-19T00:30:00.000Z,112.0,Unhealthy
US Diplomatic Post: New Delhi-8118,2025-02-19T04:30:00.000Z,94.0,Moderate
US Diplomatic Post: New Delhi-8118,2025-02-19T08:30:00.000Z,56.0,Moderate
US Diplomatic Post: New Delhi-8118,2025-02-19T12:30:00.000Z,40.0,Good
US Diplomatic Post: New Delhi-8118,2025-02-19T16:30:00.000Z,86.0,Moderate
US Diplomatic Post: New Delhi-8118,2025-02-26T21:30:00.000Z,123.0,Unhealthy
US Diplomatic Post: New Delhi-8118,2025-02-27T01:30:00.000Z,134.0,Unhealthy
US Diplomatic Post: New Delhi-8118,2025-02-27T05:30:00.000Z,36.0,Good
US Diplomatic Post: New Delhi-8118,2025-02-27T09:30:00.000Z,30.0,Good
US Diplomatic Post: New Delhi-8118,2025-02-27T13:30:00.000Z,28.0,Good
US Diplomatic Post: New Delhi-8118,2025-02-27T17:30:00.000Z,55.0,Moderate
US Diplomatic Post: New Delhi-8118,2025-02-26T22:30:00.000Z,105.0,Unhealthy
US Diplomatic Post: New Delhi-8118,2025-02-27T02:30:00.000Z,157.0,Unhealthy
US Diplomatic Post: New Delhi-8118,2025-02-27T06:30:00.000Z,26.0,Good
US Diplomatic Post: New Delhi-8118,2025-02-27T10:30:00.000Z,27.0,Good
US Diplomatic Post: New Delhi-8118,2025-02-27T14:30:00.000Z,38.0,Good
US Diplomatic Post: New Delhi-8118,2025-02-27T18:30:00.000Z,53.0,Moderate
US Diplomatic Post: New Delhi-8118,2025-02-06T09:30:00.000Z,36.0,Good
US Diplomatic Post: New Delhi-8118,2025-02-06T13:30:00.000Z,61.0,Moderate
US Diplomatic Post: New Delhi-8118,2025-02-06T17:30:00.000Z,77.0,Moderate
US Diplomatic Post: New Delhi-8118,2025-02-06T20:30:00.000Z,87.0,Moderate
US Diplomatic Post: New Delhi-8118,2025-02-07T00:30:00.000Z,93.0,Moderate
US Diplomatic Post: New Delhi-8118,2025-02-07T04:30:00.000Z,79.0,Moderate
US Diplomatic Post: New Delhi-8118,2025-02-06T10:30:00.000Z,34.0,Good
US Diplomatic Post: New Delhi-8118,2025-02-06T14:30:00.000Z,84.0,Moderate
US Diplomatic Post: New Delhi-8118,2025-02-06T18:30:00.000Z,80.0,Moderate
US Diplomatic Post: New Delhi-8118,2025-02-06T21:30:00.000Z,99.0,Moderate
US Diplomatic Post: New Delhi-8118,2025-02-07T01:30:00.000Z,85.0,Moderate
US Diplomatic Post: New Delhi-8118,2025-02-07T05:30:00.000Z,65.0,Moderate
US Diplomatic Post: New Delhi-8118,2025-02-09T00:30:00.000Z,106.0,Unhealthy
US Diplomatic Post: New Delhi-8118,2025-02-09T04:30:00.000Z,92.0,Moderate
US Diplomatic Post: New Delhi-8118,2025-02-09T08:30:00.000Z,71.0,Moderate
US Diplomatic Post: New Delhi-8118,2025-02-09T12:30:00.000Z,58.0,Moderate
US Diplomatic Post: New Delhi-8118,2025-02-09T16:30:00.000Z,165.0,Unhealthy
US Diplomatic Post: New Delhi-8118,2025-02-09T19:30:00.000Z,195.0,Unhealthy
US Diplomatic Post: New Delhi-8118,2025-02-09T02:30:00.000Z,99.0,Moderate
US Diplomatic Post: New Delhi-8118,2025-02-09T06:30:00.000Z,84.0,Moderate
US Diplomatic Post: New Delhi-8118,2025-02-09T10:30:00.000Z,42.0,Good
US Diplomatic Post: New Delhi-8118,2025-02-09T14:30:00.000Z,109.0,Unhealthy
US Diplomatic Post: New Delhi-8118,2025-02-09T18:30:00.000Z,177.0,Unhealthy
US Diplomatic Post: New Delhi-8118,2025-02-09T21:30:00.000Z,196.0,Unhealthy
US Diplomatic Post: New Delhi-8118,2025-02-13T19:30:00.000Z,63.0,Moderate
US Diplomatic Post: New Delhi-8118,2025-02-13T23:30:00.000Z,59.0,Moderate
US Diplomatic Post: New Delhi-8118,2025-02-14T03:30:00.000Z,78.0,Moderate
US Diplomatic Post: New Delhi-8118,2025-02-14T07:30:00.000Z,44.0,Good
US Diplomatic Post: New Delhi-8118,2025-02-14T11:30:00.000Z,35.0,Good
US Diplomatic Post: New Delhi-8118,2025-02-14T15:30:00.000Z,74.0,Moderate
US Diplomatic Post: New Delhi-8118,2025-02-18T21:30:00.000Z,96.0,Moderate
US Diplomatic Post: New Delhi-8118,2025-02-19T01:30:00.000Z,99.0,Moderate
US Diplomatic Post: New Delhi-8118,2025-02-19T05:30:00.000Z,78.0,Moderate
US Diplomatic Post: New Delhi-8118,2025-02-19T09:30:00.000Z,43.0,Good
US Diplomatic Post: New Delhi-8118,2025-02-19T13:30:00.000Z,60.0,Moderate
US Diplomatic Post: New Delhi-8118,2025-02-19T17:30:00.000Z,73.0,Moderate
US Diplomatic Post: New Delhi-8118,2025-02-25T05:30:00.000Z,107.0,Unhealthy
US Diplomatic Post: New Delhi-8118,2025-02-25T09:30:00.000Z,48.0,Good
US Diplomatic Post: New Delhi-8118,2025-02-25T13:30:00.000Z,51.0,Moderate
US Diplomatic Post: New Delhi-8118,2025-02-25T17:30:00.000Z,82.0,Moderate
US Diplomatic Post: New Delhi-8118,2025-02-25T20:30:00.000Z,97.0,Moderate
US Diplomatic Post: New Delhi-8118,2025-02-26T00:30:00.000Z,96.0,Moderate
US Diplomatic Post: New Delhi-8118,2025-02-26T20:30:00.000Z,113.0,Unhealthy
US Diplomatic Post: New Delhi-8118,2025-02-27T00:30:00.000Z,65.0,Moderate
US Diplomatic Post: New Delhi-8118,2025-02-27T04:30:00.000Z,51.0,Moderate
US Diplomatic Post: New Delhi-8118,2025-02-27T08:30:00.000Z,37.0,Good
US Diplomatic Post: New Delhi-8118,2025-02-27T12:30:00.000Z,26.0,Good
US Diplomatic Post: New Delhi-8118,2025-02-27T16:30:00.000Z,51.0,Moderate
US Diplomatic Post: New Delhi-8118,2025-02-06T08:30:00.000Z,31.0,Good
US Diplomatic Post: New Delhi-8118,2025-02-06T12:30:00.000Z,44.0,Good
US Diplomatic Post: New Delhi-8118,2025-02-06T16:30:00.000Z,93.0,Moderate
US Diplomatic Post: New Delhi-8118,2025-02-06T19:30:00.000Z,95.0,Moderate
US Diplomatic Post: New Delhi-8118,2025-02-06T23:30:00.000Z,98.0,Moderate
US Diplomatic Post: New Delhi-8118,2025-02-07T03:30:00.000Z,87.0,Moderate
US Diplomatic Post: New Delhi-8118,2025-02-13T20:30:00.000Z,59.0,Moderate
US Diplomatic Post: New Delhi-8118,2025-02-14T00:30:00.000Z,58.0,Moderate
US Diplomatic Post: New Delhi-8118,2025-02-14T04:30:00.000Z,67.0,Moderate
US Diplomatic Post: New Delhi-8118,2025-02-14T08:30:00.000Z,30.0,Good
US Diplomatic Post: New Delhi-8118,2025-02-14T12:30:00.000Z,46.0,Good
US Diplomatic Post: New Delhi-8118,2025-02-14T16:30:00.000Z,91.0,Moderate
US Diplomatic Post: New Delhi-8118,2025-02-21T09:30:00.000Z,92.0,Moderate
US Diplomatic Post: New Delhi-8118,2025-02-21T13:30:00.000Z,90.0,Moderate
US Diplomatic Post: New Delhi-8118,2025-02-21T17:30:00.000Z,88.0,Moderate
US Diplomatic Post: New Delhi-8118,2025-02-21T20:30:00.000Z,78.0,Moderate
US Diplomatic Post: New Delhi-8118,2025-02-22T00:30:00.000Z,68.0,Moderate
US Diplomatic Post: New Delhi-8118,2025-02-22T04:30:00.000Z,84.0,Moderate
US Diplomatic Post: New Delhi-8118,2025-02-04T07:30:00.000Z,128.0,Unhealthy
US Diplomatic Post: New Delhi-8118,2025-02-04T11:30:00.000Z,193.0,Unhealthy
US Diplomatic Post: New Delhi-8118,2025-02-04T15:30:00.000Z,230.0,Unhealthy
US Diplomatic Post: New Delhi-8118,2025-02-04T22:30:00.000Z,139.0,Unhealthy
US Diplomatic Post: New Delhi-8118,2025-02-05T02:30:00.000Z,130.0,Unhealthy
US Diplomatic Post: New Delhi-8118,2025-02-01T11:30:00.000Z,134.0,Unhealthy
US Diplomatic Post: New Delhi-8118,2025-02-01T15:30:00.000Z,242.0,Unhealthy
US Diplomatic Post: New Delhi-8118,2025-02-01T22:30:00.000Z,-999.0,Good
US Diplomatic Post: New Delhi-8118,2025-02-02T02:30:00.000Z,168.0,Unhealthy
US Diplomatic Post: New Delhi-8118,2025-02-02T06:30:00.000Z,238.0,Unhealthy
US Diplomatic Post: New Delhi-8118,2025-02-02T11:30:00.000Z,173.0,Unhealthy
US Diplomatic Post: New Delhi-8118,2025-02-02T15:30:00.000Z,174.0,Unhealthy
US Diplomatic Post: New Delhi-8118,2025-02-02T22:30:00.000Z,153.0,Unhealthy
US Diplomatic Post: New Delhi-8118,2025-02-03T02:30:00.000Z,125.0,Unhealthy
US Diplomatic Post: New Delhi-8118,2025-02-03T06:30:00.000Z,8.0,Good
US Diplomatic Post: New Delhi-8118,2025-01-27T15:30:00.000Z,148.0,Unhealthy
US Diplomatic Post: New Delhi-8118,2025-01-27T22:30:00.000Z,121.0,Unhealthy
US Diplomatic Post: New Delhi-8118,2025-01-28T02:30:00.000Z,124.0,Unhealthy
US Diplomatic Post: New Delhi-8118,2025-01-28T06:30:00.000Z,111.0,Unhealthy
US Diplomatic Post: New Delhi-8118,2025-01-28T10:30:00.000Z,57.0,Moderate
US Diplomatic Post: New Delhi-8118,2025-02-08T23:30:00.000Z,117.0,Unhealthy
US Diplomatic Post: New Delhi-8118,2025-02-09T03:30:00.000Z,102.0,Unhealthy
US Diplomatic Post: New Delhi-8118,2025-02-09T07:30:00.000Z,78.0,Moderate
US Diplomatic Post: New Delhi-8118,2025-02-09T11:30:00.000Z,56.0,Moderate
US Diplomatic Post: New Delhi-8118,2025-02-09T15:30:00.000Z,144.0,Unhealthy
US Diplomatic Post: New Delhi-8118,2025-01-25T11:30:00.000Z,49.0,Good
US Diplomatic Post: New Delhi-8118,2025-01-25T15:30:00.000Z,109.0,Unhealthy
US Diplomatic Post: New Delhi-8118,2025-01-25T22:30:00.000Z,94.0,Moderate
US Diplomatic Post: New Delhi-8118,2025-01-26T02:30:00.000Z,79.0,Moderate
US Diplomatic Post: New Delhi-8118,2025-01-26T06:30:00.000Z,83.0,Moderate
US Diplomatic Post: New Delhi-8118,2025-02-07T07:30:00.000Z,36.0,Good
US Diplomatic Post: New Delhi-8118,2025-02-07T11:30:00.000Z,39.0,Good
US Diplomatic Post: New Delhi-8118,2025-02-07T15:30:00.000Z,75.0,Moderate
US Diplomatic Post: New Delhi-8118,2025-02-07T22:30:00.000Z,78.0,Moderate
US Diplomatic Post: New Delhi-8118,2025-02-08T02:30:00.000Z,78.0,Moderate
US Diplomatic Post: New Delhi-8118,2025-02-13T22:30:00.000Z,61.0,Moderate
US Diplomatic Post: New Delhi-8118,2025-02-14T02:30:00.000Z,80.0,Moderate
US Diplomatic Post: New Delhi-8118,2025-02-14T06:30:00.000Z,46.0,Good
US Diplomatic Post: New Delhi-8118,2025-02-14T10:30:00.000Z,36.0,Good
US Diplomatic Post: New Delhi-8118,2025-02-14T14:30:00.000Z,64.0,Moderate
US Diplomatic Post: New Delhi-8118,2025-02-26T23:30:00.000Z,87.0,Moderate
US Diplomatic Post: New Delhi-8118,2025-02-27T03:30:00.000Z,74.0,Moderate
US Diplomatic Post: New Delhi-8118,2025-02-27T07:30:00.000Z,21.0,Good
US Diplomatic Post: New Delhi-8118,2025-02-27T11:30:00.000Z,25.0,Good
US Diplomatic Post: New Delhi-8118,2025-02-27T15:30:00.000Z,31.0,Good
US Diplomatic Post: New Delhi-8118,2025-02-11T07:30:00.000Z,72.0,Moderate
US Diplomatic Post: New Delhi-8118,2025-02-11T11:30:00.000Z,57.0,Moderate
US Diplomatic Post: New Delhi-8118,2025-02-11T15:30:00.000Z,98.0,Moderate
US Diplomatic Post: New Delhi-8118,2025-02-11T22:30:00.000Z,186.0,Unhealthy
US Diplomatic Post: New Delhi-8118,2025-02-12T02:30:00.000Z,91.0,Moderate
US Diplomatic Post: New Delhi-8118,2025-02-03T10:30:00.000Z,50.0,Good
US Diplomatic Post: New Delhi-8118,2025-02-03T14:30:00.000Z,104.0,Unhealthy
US Diplomatic Post: New Delhi-8118,2025-02-03T18:30:00.000Z,129.0,Unhealthy
US Diplomatic Post: New Delhi-8118,2025-02-03T21:30:00.000Z,136.0,Unhealthy
US Diplomatic Post: New Delhi-8118,2025-02-04T01:30:00.000Z,114.0,Unhealthy
US Diplomatic Post: New Delhi-8118,2025-02-03T12:30:00.000Z,70.0,Moderate
US Diplomatic Post: New Delhi-8118,2025-02-03T16:30:00.000Z,106.0,Unhealthy
US Diplomatic Post: New Delhi-8118,2025-02-03T19:30:00.000Z,132.0,Unhealthy
US Diplomatic Post: New Delhi-8118,2025-02-03T23:30:00.000Z,101.0,Unhealthy
US Diplomatic Post: New Delhi-8118,2025-02-04T03:30:00.000Z,148.0,Unhealthy
US Diplomatic Post: New Delhi-8118,2025-02-15T14:30:00.000Z,63.0,Moderate
US Diplomatic Post: New Delhi-8118,2025-02-15T18:30:00.000Z,126.0,Unhealthy
US Diplomatic Post: New Delhi-8118,2025-02-15T21:30:00.000Z,231.0,Unhealthy
US Diplomatic Post: New Delhi-8118,2025-02-16T01:30:00.000Z,254.0,Unhealthy
US Diplomatic Post: New Delhi-8118,2025-02-16T05:30:00.000Z,164.0,Unhealthy
US Diplomatic Post: New Delhi-8118,2025-02-26T04:30:00.000Z,222.0,Unhealthy
US Diplomatic Post: New Delhi-8118,2025-02-26T08:30:00.000Z,89.0,Moderate
US Diplomatic Post: New Delhi-8118,2025-02-26T12:30:00.000Z,64.0,Moderate
US Diplomatic Post: New Delhi-8118,2025-02-26T16:30:00.000Z,120.0,Unhealthy
US Diplomatic Post: New Delhi-8118,2025-02-26T19:30:00.000Z,119.0,Unhealthy
US Diplomatic Post: New Delhi-8118,2025-02-08T05:30:00.000Z,69.0,Moderate
US Diplomatic Post: New Delhi-8118,2025-02-08T09:30:00.000Z,34.0,Good
US Diplomatic Post: New Delhi-8118,2025-02-08T13:30:00.000Z,83.0,Moderate
US Diplomatic Post: New Delhi-8118,2025-02-08T17:30:00.000Z,100.0,Moderate
US Diplomatic Post: New Delhi-8118,2025-02-08T20:30:00.000Z,131.0,Unhealthy
US Diplomatic Post: New Delhi-8118,2025-02-08T06:30:00.000Z,67.0,Moderate
US Diplomatic Post: New Delhi-8118,2025-02-08T10:30:00.000Z,37.0,Good
US Diplomatic Post: New Delhi-8118,2025-02-08T14:30:00.000Z,107.0,Unhealthy
US Diplomatic Post: New Delhi-8118,2025-02-08T18:30:00.000Z,114.0,Unhealthy
US Diplomatic Post: New Delhi-8118,2025-02-08T21:30:00.000Z,166.0,Unhealthy
US Diplomatic Post: New Delhi-8118,2025-02-11T08:30:00.000Z,66.0,Moderate
US Diplomatic Post: New Delhi-8118,2025-02-11T12:30:00.000Z,67.0,Moderate
US Diplomatic Post: New Delhi-8118,2025-02-11T16:30:00.000Z,104.0,Unhealthy
US Diplomatic Post: New Delhi-8118,2025-02-11T19:30:00.000Z,112.0,Unhealthy
US Diplomatic Post: New Delhi-8118,2025-02-11T23:30:00.000Z,153.0,Unhealthy
US Diplomatic Post: New Delhi-8118,2025-02-14T18:30:00.000Z,109.0,Unhealthy
US Diplomatic Post: New Delhi-8118,2025-02-14T21:30:00.000Z,103.0,Unhealthy
US Diplomatic Post: New Delhi-8118,2025-02-15T01:30:00.000Z,93.0,Moderate
US Diplomatic Post: New Delhi-8118,2025-02-15T05:30:00.000Z,102.0,Unhealthy
US Diplomatic Post: New Delhi-8118,2025-02-15T09:30:00.000Z,64.0,Moderate
US Diplomatic Post: New Delhi-8118,2025-02-15T13:30:00.000Z,62.0,Moderate
US Diplomatic Post: New Delhi-8118,2025-02-15T17:30:00.000Z,108.0,Unhealthy
US Diplomatic Post: New Delhi-8118,2025-02-15T20:30:00.000Z,175.0,Unhealthy
US Diplomatic Post: New Delhi-8118,2025-02-16T00:30:00.000Z,251.0,Unhealthy
US Diplomatic Post: New Delhi-8118,2025-02-16T04:30:00.000Z,231.0,Unhealthy
US Diplomatic Post: New Delhi-8118,2025-02-17T02:30:00.000Z,120.0,Unhealthy
US Diplomatic Post: New Delhi-8118,2025-02-17T06:30:00.000Z,61.0,Moderate
US Diplomatic Post: New Delhi-8118,2025-02-17T10:30:00.000Z,60.0,Moderate
US Diplomatic Post: New Delhi-8118,2025-02-17T14:30:00.000Z,74.0,Moderate
US Diplomatic Post: New Delhi-8118,2025-02-17T18:30:00.000Z,116.0,Unhealthy
US Diplomatic Post: New Delhi-8118,2025-02-17T04:30:00.000Z,123.0,Unhealthy
US Diplomatic Post: New Delhi-8118,2025-02-17T08:30:00.000Z,55.0,Moderate
US Diplomatic Post: New Delhi-8118,2025-02-17T12:30:00.000Z,65.0,Moderate
US Diplomatic Post: New Delhi-8118,2025-02-17T16:30:00.000Z,111.0,Unhealthy
US Diplomatic Post: New Delhi-8118,2025-02-17T19:30:00.000Z,129.0,Unhealthy
US Diplomatic Post: New Delhi-8118,2025-02-22T23:30:00.000Z,106.0,Unhealthy
US Diplomatic Post: New Delhi-8118,2025-02-23T03:30:00.000Z,89.0,Moderate
US Diplomatic Post: New Delhi-8118,2025-02-23T07:30:00.000Z,47.0,Good
US Diplomatic Post: New Delhi-8118,2025-02-23T11:30:00.000Z,37.0,Good
US Diplomatic Post: New Delhi-8118,2025-02-23T15:30:00.000Z,-999.0,Good
US Diplomatic Post: New Delhi-8118,2025-02-24T12:30:00.000Z,44.0,Good
US Diplomatic Post: New Delhi-8118,2025-02-24T16:30:00.000Z,74.0,Moderate
US Diplomatic Post: New Delhi-8118,2025-02-24T19:30:00.000Z,119.0,Unhealthy
US Diplomatic Post: New Delhi-8118,2025-02-24T23:30:00.000Z,116.0,Unhealthy
US Diplomatic Post: New Delhi-8118,2025-02-25T03:30:00.000Z,104.0,Unhealthy
US Diplomatic Post: New Delhi-8118,2025-02-26T02:30:00.000Z,103.0,Unhealthy
US Diplomatic Post: New Delhi-8118,2025-02-26T06:30:00.000Z,109.0,Unhealthy
US Diplomatic Post: New Delhi-8118,2025-02-26T10:30:00.000Z,58.0,Moderate
US Diplomatic Post: New Delhi-8118,2025-02-26T14:30:00.000Z,105.0,Unhealthy
US Diplomatic Post: New Delhi-8118,2025-02-26T18:30:00.000Z,116.0,Unhealthy
US Diplomatic Post: New Delhi-8118,2025-02-27T21:30:00.000Z,47.0,Good
US Diplomatic Post: New Delhi-8118,2025-02-28T01:30:00.000Z,-999.0,Good
US Diplomatic Post: New Delhi-8118,2025-02-28T05:30:00.000Z,63.0,Moderate
US Diplomatic Post: New Delhi-8118,2025-02-28T09:30:00.000Z,49.0,Good
US Diplomatic Post: New Delhi-8118,2025-02-28T13:30:00.000Z,43.0,Good
US Diplomatic Post: New Delhi-8118,2025-02-14T17:30:00.000Z,110.0,Unhealthy
US Diplomatic Post: New Delhi-8118,2025-02-14T20:30:00.000Z,107.0,Unhealthy
US Diplomatic Post: New Delhi-8118,2025-02-15T00:30:00.000Z,85.0,Moderate
US Diplomatic Post: New Delhi-8118,2025-02-15T04:30:00.000Z,89.0,Moderate
US Diplomatic Post: New Delhi-8118,2025-02-15T08:30:00.000Z,62.0,Moderate
US Diplomatic Post: New Delhi-8118,2025-02-14T19:30:00.000Z,104.0,Unhealthy
US Diplomatic Post: New Delhi-8118,2025-02-14T23:30:00.000Z,91.0,Moderate
US Diplomatic Post: New Delhi-8118,2025-02-15T03:30:00.000Z,102.0,Unhealthy
US Diplomatic Post: New Delhi-8118,2025-02-15T07:30:00.000Z,61.0,Moderate
US Diplomatic Post: New Delhi-8118,2025-02-15T11:30:00.000Z,63.0,Moderate
US Diplomatic Post: New Delhi-8118,2025-02-16T08:30:00.000Z,77.0,Moderate
US Diplomatic Post: New Delhi-8118,2025-02-16T12:30:00.000Z,47.0,Good
US Diplomatic Post: New Delhi-8118,2025-02-16T16:30:00.000Z,110.0,Unhealthy
US Diplomatic Post: New Delhi-8118,2025-02-16T19:30:00.000Z,111.0,Unhealthy
US Diplomatic Post: New Delhi-8118,2025-02-16T23:30:00.000Z,103.0,Unhealthy
US Diplomatic Post: New Delhi-8118,2025-02-19T20:30:00.000Z,50.0,Good
US Diplomatic Post: New Delhi-8118,2025-02-20T00:30:00.000Z,40.0,Good
US Diplomatic Post: New Delhi-8118,2025-02-20T04:30:00.000Z,104.0,Unhealthy
US Diplomatic Post: New Delhi-8118,2025-02-20T08:30:00.000Z,32.0,Good
US Diplomatic Post: New Delhi-8118,2025-02-20T12:30:00.000Z,38.0,Good
US Diplomatic Post: New Delhi-8118,2025-02-19T21:30:00.000Z,38.0,Good
US Diplomatic Post: New Delhi-8118,2025-02-20T01:30:00.000Z,44.0,Good
US Diplomatic Post: New Delhi-8118,2025-02-20T05:30:00.000Z,101.0,Unhealthy
US Diplomatic Post: New Delhi-8118,2025-02-20T09:30:00.000Z,41.0,Good
US Diplomatic Post: New Delhi-8118,2025-02-20T13:30:00.000Z,36.0,Good
US Diplomatic Post: New Delhi-8118,2025-02-20T17:30:00.000Z,82.0,Moderate
US Diplomatic Post: New Delhi-8118,2025-02-20T20:30:00.000Z,80.0,Moderate
US Diplomatic Post: New Delhi-8118,2025-02-21T00:30:00.000Z,61.0,Moderate
US Diplomatic Post: New Delhi-8118,2025-02-21T04:30:00.000Z,96.0,Moderate
US Diplomatic Post: New Delhi-8118,2025-02-21T08:30:00.000Z,118.0,Unhealthy
US Diplomatic Post: New Delhi-8118,2025-02-23T18:30:00.000Z,97.0,Moderate
US Diplomatic Post: New Delhi-8118,2025-02-23T21:30:00.000Z,102.0,Unhealthy
US Diplomatic Post: New Delhi-8118,2025-02-24T01:30:00.000Z,135.0,Unhealthy
US Diplomatic Post: New Delhi-8118,2025-02-24T05:30:00.000Z,90.0,Moderate
US Diplomatic Post: New Delhi-8118,2025-02-24T09:30:00.000Z,41.0,Good
US Diplomatic Post: New Delhi-8118,2025-02-24T13:30:00.000Z,48.0,Good
US Diplomatic Post: New Delhi-8118,2025-02-24T17:30:00.000Z,82.0,Moderate
US Diplomatic Post: New Delhi-8118,2025-02-24T20:30:00.000Z,114.0,Unhealthy
US Diplomatic Post: New Delhi-8118,2025-02-25T00:30:00.000Z,129.0,Unhealthy
US Diplomatic Post: New Delhi-8118,2025-02-25T04:30:00.000Z,111.0,Unhealthy
US Diplomatic Post: New Delhi-8118,2025-02-26T01:30:00.000Z,99.0,Moderate
US Diplomatic Post: New Delhi-8118,2025-02-26T05:30:00.000Z,181.0,Unhealthy
US Diplomatic Post: New Delhi-8118,2025-02-26T09:30:00.000Z,72.0,Moderate
US Diplomatic Post: New Delhi-8118,2025-02-26T13:30:00.000Z,78.0,Moderate
US Diplomatic Post: New Delhi-8118,2025-02-26T17:30:00.000Z,126.0,Unhealthy
US Diplomatic Post: New Delhi-8118,2025-02-27T20:30:00.000Z,39.0,Good
US Diplomatic Post: New Delhi-8118,2025-02-28T00:30:00.000Z,-999.0,Good
US Diplomatic Post: New Delhi-8118,2025-02-28T04:30:00.000Z,67.0,Moderate
US Diplomatic Post: New Delhi-8118,2025-02-28T08:30:00.000Z,46.0,Good
US Diplomatic Post: New Delhi-8118,2025-02-28T12:30:00.000Z,47.0,Good
US Diplomatic Post: New Delhi-8118,2025-02-27T22:30:00.000Z,39.0,Good
US Diplomatic Post: New Delhi-8118,2025-02-28T02:30:00.000Z,-999.0,Good
US Diplomatic Post: New Delhi-8118,2025-02-28T06:30:00.000Z,58.0,Moderate
US Diplomatic Post: New Delhi-8118,2025-02-28T10:30:00.000Z,55.0,Moderate
US Diplomatic Post: New Delhi-8118,2025-02-28T14:30:00.000Z,52.0,Moderate
US Diplomatic Post: New Delhi-8118,2025-02-08T04:30:00.000Z,82.0,Moderate
US Diplomatic Post: New Delhi-8118,2025-02-08T08:30:00.000Z,53.0,Moderate
US Diplomatic Post: New Delhi-8118,2025-02-08T12:30:00.000Z,38.0,Good
US Diplomatic Post: New Delhi-8118,2025-02-08T16:30:00.000Z,98.0,Moderate
US Diplomatic Post: New Delhi-8118,2025-02-08T19:30:00.000Z,122.0,Unhealthy
US Diplomatic Post: New Delhi-8118,2025-02-12T04:30:00.000Z,68.0,Moderate
US Diplomatic Post: New Delhi-8118,2025-02-12T08:30:00.000Z,27.0,Good
US Diplomatic Post: New Delhi-8118,2025-02-12T12:30:00.000Z,27.0,Good
US Diplomatic Post: New Delhi-8118,2025-02-12T16:30:00.000Z,76.0,Moderate
US Diplomatic Post: New Delhi-8118,2025-02-12T19:30:00.000Z,67.0,Moderate
US Diplomatic Post: New Delhi-8118,2025-02-13T21:30:00.000Z,61.0,Moderate
US Diplomatic Post: New Delhi-8118,2025-02-14T01:30:00.000Z,68.0,Moderate
US Diplomatic Post: New Delhi-8118,2025-02-14T05:30:00.000Z,64.0,Moderate
US Diplomatic Post: New Delhi-8118,2025-02-14T09:30:00.000Z,47.0,Good
US Diplomatic Post: New Delhi-8118,2025-02-14T13:30:00.000Z,48.0,Good
US Diplomatic Post: New Delhi-8118,2025-02-16T09:30:00.000Z,64.0,Moderate
US Diplomatic Post: New Delhi-8118,2025-02-16T13:30:00.000Z,61.0,Moderate
US Diplomatic Post: New Delhi-8118,2025-02-16T17:30:00.000Z,120.0,Unhealthy
US Diplomatic Post: New Delhi-8118,2025-02-16T20:30:00.000Z,116.0,Unhealthy
US Diplomatic Post: New Delhi-8118,2025-02-17T00:30:00.000Z,99.0,Moderate
US Diplomatic Post: New Delhi-8118,2025-02-18T00:30:00.000Z,88.0,Moderate
US Diplomatic Post: New Delhi-8118,2025-02-18T04:30:00.000Z,162.0,Unhealthy
US Diplomatic Post: New Delhi-8118,2025-02-18T08:30:00.000Z,27.0,Good
US Diplomatic Post: New Delhi-8118,2025-02-18T12:30:00.000Z,32.0,Good
US Diplomatic Post: New Delhi-8118,2025-02-18T16:30:00.000Z,96.0,Moderate
US Diplomatic Post: New Delhi-8118,2025-02-20T16:30:00.000Z,66.0,Moderate
US Diplomatic Post: New Delhi-8118,2025-02-20T19:30:00.000Z,75.0,Moderate
US Diplomatic Post: New Delhi-8118,2025-02-20T23:30:00.000Z,69.0,Moderate
US Diplomatic Post: New Delhi-8118,2025-02-21T03:30:00.000Z,110.0,Unhealthy
US Diplomatic Post: New Delhi-8118,2025-02-21T07:30:00.000Z,68.0,Moderate
US Diplomatic Post: New Delhi-8118,2025-02-25T08:30:00.000Z,69.0,Moderate
US Diplomatic Post: New Delhi-8118,2025-02-25T12:30:00.000Z,47.0,Good
US Diplomatic Post: New Delhi-8118,2025-02-25T16:30:00.000Z,73.0,Moderate
US Diplomatic Post: New Delhi-8118,2025-02-25T19:30:00.000Z,88.0,Moderate
US Diplomatic Post: New Delhi-8118,2025-02-25T23:30:00.000Z,97.0,Moderate
US Diplomatic Post: New Delhi-8118,2025-02-27T19:30:00.000Z,52.0,Moderate
US Diplomatic Post: New Delhi-8118,2025-02-27T23:30:00.000Z,43.0,Good
US Diplomatic Post: New Delhi-8118,2025-02-28T03:30:00.000Z,77.0,Moderate
US Diplomatic Post: New Delhi-8118,2025-02-28T07:30:00.000Z,57.0,Moderate
US Diplomatic Post: New Delhi-8118,2025-02-28T11:30:00.000Z,55.0,Moderate
US Diplomatic Post: New Delhi-8118,2025-02-07T09:30:00.000Z,42.0,Good
US Diplomatic Post: New Delhi-8118,2025-02-07T13:30:00.000Z,44.0,Good
US Diplomatic Post: New Delhi-8118,2025-02-07T17:30:00.000Z,65.0,Moderate
US Diplomatic Post: New Delhi-8118,2025-02-07T20:30:00.000Z,91.0,Moderate
US Diplomatic Post: New Delhi-8118,2025-02-08T00:30:00.000Z,83.0,Moderate
US Diplomatic Post: New Delhi-8118,2025-02-07T10:30:00.000Z,41.0,Good
US Diplomatic Post: New Delhi-8118,2025-02-07T14:30:00.000Z,71.0,Moderate
US Diplomatic Post: New Delhi-8118,2025-02-07T18:30:00.000Z,82.0,Moderate
US Diplomatic Post: New Delhi-8118,2025-02-07T21:30:00.000Z,69.0,Moderate
US Diplomatic Post: New Delhi-8118,2025-02-08T01:30:00.000Z,89.0,Moderate
US Diplomatic Post: New Delhi-8118,2025-02-12T05:30:00.000Z,66.0,Moderate
US Diplomatic Post: New Delhi-8118,2025-02-12T09:30:00.000Z,25.0,Good
US Diplomatic Post: New Delhi-8118,2025-02-12T13:30:00.000Z,36.0,Good
US Diplomatic Post: New Delhi-8118,2025-02-12T17:30:00.000Z,70.0,Moderate
US Diplomatic Post: New Delhi-8118,2025-02-12T20:30:00.000Z,66.0,Moderate
US Diplomatic Post: New Delhi-8118,2025-02-12T06:30:00.000Z,48.0,Good
US Diplomatic Post: New Delhi-8118,2025-02-12T10:30:00.000Z,29.0,Good
US Diplomatic Post: New Delhi-8118,2025-02-12T14:30:00.000Z,59.0,Moderate
US Diplomatic Post: New Delhi-8118,2025-02-12T18:30:00.000Z,70.0,Moderate
US Diplomatic Post: New Delhi-8118,2025-02-12T21:30:00.000Z,69.0,Moderate
US Diplomatic Post: New Delhi-8118,2025-02-12T23:30:00.000Z,78.0,Moderate
US Diplomatic Post: New Delhi-8118,2025-02-13T03:30:00.000Z,74.0,Moderate
US Diplomatic Post: New Delhi-8118,2025-02-13T07:30:00.000Z,44.0,Good
US Diplomatic Post: New Delhi-8118,2025-02-13T11:30:00.000Z,29.0,Good
US Diplomatic Post: New Delhi-8118,2025-02-13T15:30:00.000Z,59.0,Moderate
US Diplomatic Post: New Delhi-8118,2025-02-15T12:30:00.000Z,56.0,Moderate
US Diplomatic Post: New Delhi-8118,2025-02-15T16:30:00.000Z,93.0,Moderate
US Diplomatic Post: New Delhi-8118,2025-02-15T19:30:00.000Z,140.0,Unhealthy
US Diplomatic Post: New Delhi-8118,2025-02-15T23:30:00.000Z,253.0,Unhealthy
US Diplomatic Post: New Delhi-8118,2025-02-16T03:30:00.000Z,265.0,Unhealthy
US Diplomatic Post: New Delhi-8118,2025-02-23T00:30:00.000Z,91.0,Moderate
US Diplomatic Post: New Delhi-8118,2025-02-23T04:30:00.000Z,87.0,Moderate
US Diplomatic Post: New Delhi-8118,2025-02-23T08:30:00.000Z,41.0,Good
US Diplomatic Post: New Delhi-8118,2025-02-23T12:30:00.000Z,37.0,Good
US Diplomatic Post: New Delhi-8118,2025-02-23T16:30:00.000Z,81.0,Moderate
US Diplomatic Post: New Delhi-8118,2025-02-23T01:30:00.000Z,78.0,Moderate
US Diplomatic Post: New Delhi-8118,2025-02-23T05:30:00.000Z,62.0,Moderate
US Diplomatic Post: New Delhi-8118,2025-02-23T09:30:00.000Z,41.0,Good
US Diplomatic Post: New Delhi-8118,2025-02-23T13:30:00.000Z,38.0,Good
US Diplomatic Post: New Delhi-8118,2025-02-23T17:30:00.000Z,85.0,Moderate
US Diplomatic Post: New Delhi-8118,2025-02-25T06:30:00.000Z,78.0,Moderate
US Diplomatic Post: New Delhi-8118,2025-02-25T10:30:00.000Z,52.0,Moderate
US Diplomatic Post: New Delhi-8118,2025-02-25T14:30:00.000Z,54.0,Moderate
US Diplomatic Post: New Delhi-8118,2025-02-25T18:30:00.000Z,96.0,Moderate
US Diplomatic Post: New Delhi-8118,2025-02-25T21:30:00.000Z,105.0,Unhealthy
US Diplomatic Post: New Delhi-8118,2025-02-13T00:30:00.000Z,68.0,Moderate
US Diplomatic Post: New Delhi-8118,2025-02-13T04:30:00.000Z,69.0,Moderate
US Diplomatic Post: New Delhi-8118,2025-02-13T08:30:00.000Z,34.0,Good
US Diplomatic Post: New Delhi-8118,2025-02-13T12:30:00.000Z,24.0,Good
US Diplomatic Post: New Delhi-8118,2025-02-13T16:30:00.000Z,64.0,Moderate
US Diplomatic Post: New Delhi-8118,2025-02-13T01:30:00.000Z,77.0,Moderate
US Diplomatic Post: New Delhi-8118,2025-02-13T05:30:00.000Z,56.0,Moderate
US Diplomatic Post: New Delhi-8118,2025-02-13T09:30:00.000Z,31.0,Good
US Diplomatic Post: New Delhi-8118,2025-02-13T13:30:00.000Z,35.0,Good
US Diplomatic Post: New Delhi-8118,2025-02-13T17:30:00.000Z,55.0,Moderate
US Diplomatic Post: New Delhi-8118,2025-02-17T23:30:00.000Z,83.0,Moderate
US Diplomatic Post: New Delhi-8118,2025-02-18T03:30:00.000Z,136.0,Unhealthy
US Diplomatic Post: New Delhi-8118,2025-02-18T07:30:00.000Z,57.0,Moderate
US Diplomatic Post: New Delhi-8118,2025-02-18T11:30:00.000Z,23.0,Good
US Diplomatic Post: New Delhi-8118,2025-02-18T15:30:00.000Z,63.0,Moderate
US Diplomatic Post: New Delhi-8118,2025-02-19T19:30:00.000Z,42.0,Good
US Diplomatic Post: New Delhi-8118,2025-02-19T23:30:00.000Z,37.0,Good
US Diplomatic Post: New Delhi-8118,2025-02-20T03:30:00.000Z,69.0,Moderate
US Diplomatic Post: New Delhi-8118,2025-02-20T07:30:00.000Z,45.0,Good
US Diplomatic Post: New Delhi-8118,2025-02-20T11:30:00.000Z,32.0,Good
US Diplomatic Post: New Delhi-8118,2025-02-21T12:30:00.000Z,89.0,Moderate
US Diplomatic Post: New Delhi-8118,2025-02-21T16:30:00.000Z,97.0,Moderate
US Diplomatic Post: New Delhi-8118,2025-02-21T19:30:00.000Z,73.0,Moderate
US Diplomatic Post: New Delhi-8118,2025-02-21T23:30:00.000Z,77.0,Moderate
US Diplomatic Post: New Delhi-8118,2025-02-22T03:30:00.000Z,74.0,Moderate
US Diplomatic Post: New Delhi-8118,2025-02-22T06:30:00.000Z,69.0,Moderate
US Diplomatic Post: New Delhi-8118,2025-02-22T10:30:00.000Z,28.0,Good
US Diplomatic Post: New Delhi-8118,2025-02-22T14:30:00.000Z,56.0,Moderate
US Diplomatic Post: New Delhi-8118,2025-02-22T18:30:00.000Z,65.0,Moderate
US Diplomatic Post: New Delhi-8118,2025-02-22T21:30:00.000Z,73.0,Moderate
US Diplomatic Post: New Delhi-8118,2025-02-19T22:30:00.000Z,39.0,Good
US Diplomatic Post: New Delhi-8118,2025-02-20T02:30:00.000Z,49.0,Good
US Diplomatic Post: New Delhi-8118,2025-02-20T06:30:00.000Z,62.0,Moderate
US Diplomatic Post: New Delhi-8118,2025-02-20T10:30:00.000Z,32.0,Good
US Diplomatic Post: New Delhi-8118,2025-02-20T14:30:00.000Z,56.0,Moderate
US Diplomatic Post: New Delhi-8118,2025-02-21T10:30:00.000Z,94.0,Moderate
US Diplomatic Post: New Delhi-8118,2025-02-21T14:30:00.000Z,96.0,Moderate
US Diplomatic Post: New Delhi-8118,2025-02-21T18:30:00.000Z,76.0,Moderate
US Diplomatic Post: New Delhi-8118,2025-02-21T21:30:00.000Z,72.0,Moderate
US Diplomatic Post: New Delhi-8118,2025-02-22T01:30:00.000Z,68.0,Moderate
US Diplomatic Post: New Delhi-8118,2025-02-22T05:30:00.000Z,73.0,Moderate
US Diplomatic Post: New Delhi-8118,2025-02-22T09:30:00.000Z,43.0,Good
US Diplomatic Post: New Delhi-8118,2025-02-22T13:30:00.000Z,44.0,Good
US Diplomatic Post: New Delhi-8118,2025-02-22T17:30:00.000Z,74.0,Moderate
US Diplomatic Post: New Delhi-8118,2025-02-22T20:30:00.000Z,65.0,Moderate
New Delhi-8118,2025-01-20T19:30:00.000Z,167.0,Unhealthy
New Delhi-8118,2025-01-20T23:30:00.000Z,148.0,Unhealthy
New Delhi-8118,2025-01-21T03:30:00.000Z,145.0,Unhealthy
New Delhi-8118,2025-01-21T07:30:00.000Z,142.0,Unhealthy
New Delhi-8118,2025-01-21T11:30:00.000Z,87.0,Moderate
New Delhi-8118,2025-01-21T15:30:00.000Z,176.0,Unhealthy
New Delhi-8118,2025-01-20T22:30:00.000Z,150.0,Unhealthy
New Delhi-8118,2025-01-21T02:30:00.000Z,150.0,Unhealthy
New Delhi-8118,2025-01-21T06:30:00.000Z,84.0,Moderate
New Delhi-8118,2025-01-21T10:30:00.000Z,82.0,Moderate
New Delhi-8118,2025-01-21T14:30:00.000Z,161.0,Unhealthy
New Delhi-8118,2025-01-21T18:30:00.000Z,160.0,Unhealthy
New Delhi-8118,2025-03-10T17:30:00.000Z,105.0,Unhealthy
New Delhi-8118,2025-03-10T20:30:00.000Z,118.0,Unhealthy
New Delhi-8118,2025-03-11T00:30:00.000Z,121.0,Unhealthy
New Delhi-8118,2025-03-11T04:30:00.000Z,152.0,Unhealthy
New Delhi-8118,2025-03-11T09:30:00.000Z,48.0,Good
New Delhi-8118,2025-03-11T13:30:00.000Z,64.0,Moderate
New Delhi-8118,2025-03-06T19:30:00.000Z,123.0,Unhealthy
New Delhi-8118,2025-03-06T23:30:00.000Z,100.0,Moderate
New Delhi-8118,2025-03-07T03:30:00.000Z,190.0,Unhealthy
New Delhi-8118,2025-03-07T07:30:00.000Z,64.0,Moderate
New Delhi-8118,2025-03-07T11:30:00.000Z,26.0,Good
New Delhi-8118,2025-03-07T15:30:00.000Z,85.0,Moderate
New Delhi-8118,2025-03-09T20:30:00.000Z,92.0,Moderate
New Delhi-8118,2025-03-10T00:30:00.000Z,104.0,Unhealthy
New Delhi-8118,2025-03-10T04:30:00.000Z,122.0,Unhealthy
New Delhi-8118,2025-03-10T08:30:00.000Z,57.0,Moderate
New Delhi-8118,2025-03-10T12:30:00.000Z,56.0,Moderate
New Delhi-8118,2025-03-10T16:30:00.000Z,85.0,Moderate
New Delhi-8118,2025-03-13T20:30:00.000Z,111.0,Unhealthy
New Delhi-8118,2025-03-14T00:30:00.000Z,135.0,Unhealthy
New Delhi-8118,2025-03-14T04:30:00.000Z,73.0,Moderate
New Delhi-8118,2025-03-14T08:30:00.000Z,34.0,Good
New Delhi-8118,2025-03-14T12:30:00.000Z,58.0,Moderate
New Delhi-8118,2025-03-14T16:30:00.000Z,44.0,Good
New Delhi-8118,2025-03-13T00:30:00.000Z,89.0,Moderate
New Delhi-8118,2025-03-13T05:30:00.000Z,104.0,Unhealthy
New Delhi-8118,2025-03-13T09:30:00.000Z,54.0,Moderate
New Delhi-8118,2025-03-13T14:30:00.000Z,89.0,Moderate
New Delhi-8118,2025-03-13T11:30:00.000Z,45.0,Good
New Delhi-8118,2025-03-13T19:30:00.000Z,102.0,Unhealthy
New Delhi-8118,2025-03-21T15:30:00.000Z,51.0,Moderate
New Delhi-8118,2025-03-21T02:30:00.000Z,160.0,Unhealthy
New Delhi-8118,2025-03-21T19:30:00.000Z,60.0,Moderate
New Delhi-8118,2025-03-21T23:30:00.000Z,124.0,Unhealthy
New Delhi-8118,2025-03-22T03:30:00.000Z,80.0,Moderate
New Delhi-8118,2025-03-22T07:30:00.000Z,37.0,Good
New Delhi-8118,2025-04-06T20:30:00.000Z,86.0,Moderate
New Delhi-8118,2025-04-07T00:30:00.000Z,97.0,Moderate
New Delhi-8118,2025-04-07T04:30:00.000Z,165.0,Unhealthy
New Delhi-8118,2025-04-07T08:30:00.000Z,45.0,Good
New Delhi-8118,2025-04-07T12:30:00.000Z,46.0,Good
New Delhi-8118,2025-04-07T16:30:00.000Z,81.0,Moderate
New Delhi-8118,2025-04-07T17:30:00.000Z,87.0,Moderate
New Delhi-8118,2025-04-07T20:30:00.000Z,120.0,Unhealthy
New Delhi-8118,2025-04-08T00:30:00.000Z,99.0,Moderate
New Delhi-8118,2025-04-08T04:30:00.000Z,98.0,Moderate
New Delhi-8118,2025-04-08T08:30:00.000Z,76.0,Moderate
New Delhi-8118,2025-04-08T12:30:00.000Z,60.0,Moderate
New Delhi-8118,2025-04-17T12:30:00.000Z,62.0,Moderate
New Delhi-8118,2025-04-17T16:30:00.000Z,84.0,Moderate
New Delhi-8118,2025-04-17T19:30:00.000Z,81.0,Moderate
New Delhi-8118,2025-04-17T23:30:00.000Z,59.0,Moderate
New Delhi-8118,2025-04-18T03:30:00.000Z,80.0,Moderate
New Delhi-8118,2025-04-18T07:30:00.000Z,106.0,Unhealthy
New Delhi-8118,2025-03-14T17:30:00.000Z,47.0,Good
New Delhi-8118,2025-03-14T20:30:00.000Z,27.0,Good
New Delhi-8118,2025-03-15T00:30:00.000Z,10.0,Good
New Delhi-8118,2025-03-15T04:30:00.000Z,23.0,Good
New Delhi-8118,2025-03-15T08:30:00.000Z,24.0,Good
New Delhi-8118,2025-03-15T12:30:00.000Z,28.0,Good
New Delhi-8118,2025-03-29T06:30:00.000Z,33.0,Good
New Delhi-8118,2025-03-29T10:30:00.000Z,17.0,Good
New Delhi-8118,2025-03-29T14:30:00.000Z,24.0,Good
New Delhi-8118,2025-03-29T16:30:00.000Z,36.0,Good
New Delhi-8118,2025-03-29T21:30:00.000Z,62.0,Moderate
New Delhi-8118,2025-03-30T02:30:00.000Z,64.0,Moderate
New Delhi-8118,2025-03-30T06:30:00.000Z,19.0,Good
New Delhi-8118,2025-03-30T10:30:00.000Z,15.0,Good
New Delhi-8118,2025-03-30T15:30:00.000Z,36.0,Good
New Delhi-8118,2025-03-30T05:30:00.000Z,22.0,Good
New Delhi-8118,2025-03-30T19:30:00.000Z,67.0,Moderate
New Delhi-8118,2025-03-30T23:30:00.000Z,110.0,Unhealthy
New Delhi-8118,2025-04-06T19:30:00.000Z,74.0,Moderate
New Delhi-8118,2025-04-06T23:30:00.000Z,91.0,Moderate
New Delhi-8118,2025-04-07T03:30:00.000Z,190.0,Unhealthy
New Delhi-8118,2025-04-07T07:30:00.000Z,54.0,Moderate
New Delhi-8118,2025-04-07T11:30:00.000Z,48.0,Good
New Delhi-8118,2025-04-07T15:30:00.000Z,72.0,Moderate
New Delhi-8118,2025-04-18T08:30:00.000Z,109.0,Unhealthy
New Delhi-8118,2025-04-18T12:30:00.000Z,63.0,Moderate
New Delhi-8118,2025-04-18T16:30:00.000Z,73.0,Moderate
New Delhi-8118,2025-04-18T19:30:00.000Z,33.0,Good
New Delhi-8118,2025-04-18T23:30:00.000Z,44.0,Good
New Delhi-8118,2025-04-19T03:30:00.000Z,67.0,Moderate
New Delhi-8118,2025-03-22T08:30:00.000Z,43.0,Good
New Delhi-8118,2025-03-22T12:30:00.000Z,28.0,Good
New Delhi-8118,2025-03-22T16:30:00.000Z,75.0,Moderate
New Delhi-8118,2025-03-22T19:30:00.000Z,77.0,Moderate
New Delhi-8118,2025-03-22T23:30:00.000Z,80.0,Moderate
New Delhi-8118,2025-03-23T03:30:00.000Z,96.0,Moderate
New Delhi-8118,2025-03-30T03:30:00.000Z,75.0,Moderate
New Delhi-8118,2025-03-30T08:30:00.000Z,13.0,Good
New Delhi-8118,2025-03-30T13:30:00.000Z,19.0,Good
New Delhi-8118,2025-03-30T17:30:00.000Z,65.0,Moderate
New Delhi-8118,2025-03-30T18:30:00.000Z,70.0,Moderate
New Delhi-8118,2025-03-30T21:30:00.000Z,99.0,Moderate
New Delhi-8118,2025-04-14T08:30:00.000Z,39.0,Good
New Delhi-8118,2025-04-14T12:30:00.000Z,28.0,Good
New Delhi-8118,2025-04-14T16:30:00.000Z,65.0,Moderate
New Delhi-8118,2025-04-14T19:30:00.000Z,68.0,Moderate
New Delhi-8118,2025-04-14T23:30:00.000Z,67.0,Moderate
New Delhi-8118,2025-04-15T03:30:00.000Z,96.0,Moderate
New Delhi-8118,2025-04-14T09:30:00.000Z,33.0,Good
New Delhi-8118,2025-04-14T13:30:00.000Z,36.0,Good
New Delhi-8118,2025-04-14T17:30:00.000Z,62.0,Moderate
New Delhi-8118,2025-04-14T20:30:00.000Z,76.0,Moderate
New Delhi-8118,2025-04-15T00:30:00.000Z,83.0,Moderate
New Delhi-8118,2025-04-15T04:30:00.000Z,78.0,Moderate
New Delhi-8118,2025-04-19T04:30:00.000Z,79.0,Moderate
New Delhi-8118,2025-04-19T08:30:00.000Z,76.0,Moderate
New Delhi-8118,2025-04-19T12:30:00.000Z,52.0,Moderate
New Delhi-8118,2025-04-19T16:30:00.000Z,40.0,Good
New Delhi-8118,2025-04-19T19:30:00.000Z,27.0,Good
New Delhi-8118,2025-04-19T23:30:00.000Z,34.0,Good
New Delhi-8118,2025-03-14T18:30:00.000Z,40.0,Good
New Delhi-8118,2025-03-14T21:30:00.000Z,23.0,Good
New Delhi-8118,2025-03-15T01:30:00.000Z,19.0,Good
New Delhi-8118,2025-03-15T05:30:00.000Z,22.0,Good
New Delhi-8118,2025-03-15T09:30:00.000Z,28.0,Good
New Delhi-8118,2025-03-15T13:30:00.000Z,47.0,Good
New Delhi-8118,2025-03-22T09:30:00.000Z,32.0,Good
New Delhi-8118,2025-03-22T13:30:00.000Z,33.0,Good
New Delhi-8118,2025-03-22T17:30:00.000Z,82.0,Moderate
New Delhi-8118,2025-03-22T20:30:00.000Z,84.0,Moderate
New Delhi-8118,2025-03-23T00:30:00.000Z,81.0,Moderate
New Delhi-8118,2025-03-23T04:30:00.000Z,83.0,Moderate
New Delhi-8118,2025-03-29T04:30:00.000Z,72.0,Moderate
New Delhi-8118,2025-03-29T08:30:00.000Z,25.0,Good
New Delhi-8118,2025-03-29T12:30:00.000Z,21.0,Good
New Delhi-8118,2025-03-29T17:30:00.000Z,33.0,Good
New Delhi-8118,2025-03-29T19:30:00.000Z,58.0,Moderate
New Delhi-8118,2025-03-29T23:30:00.000Z,62.0,Moderate
New Delhi-8118,2025-03-29T05:30:00.000Z,49.0,Good
New Delhi-8118,2025-03-29T09:30:00.000Z,25.0,Good
New Delhi-8118,2025-03-29T13:30:00.000Z,25.0,Good
New Delhi-8118,2025-03-29T18:30:00.000Z,43.0,Good
New Delhi-8118,2025-03-29T20:30:00.000Z,57.0,Moderate
New Delhi-8118,2025-03-30T01:30:00.000Z,71.0,Moderate
New Delhi-8118,2025-04-14T06:30:00.000Z,60.0,Moderate
New Delhi-8118,2025-04-14T10:30:00.000Z,31.0,Good
New Delhi-8118,2025-04-14T14:30:00.000Z,44.0,Good
New Delhi-8118,2025-04-14T18:30:00.000Z,58.0,Moderate
New Delhi-8118,2025-04-14T21:30:00.000Z,75.0,Moderate
New Delhi-8118,2025-04-15T01:30:00.000Z,94.0,Moderate
New Delhi-8118,2025-04-22T08:30:00.000Z,79.0,Moderate
New Delhi-8118,2025-04-22T12:30:00.000Z,41.0,Good
New Delhi-8118,2025-04-22T16:30:00.000Z,69.0,Moderate
New Delhi-8118,2025-04-22T07:30:00.000Z,54.0,Moderate
New Delhi-8118,2025-04-22T21:30:00.000Z,62.0,Moderate
New Delhi-8118,2025-04-23T01:30:00.000Z,150.0,Unhealthy
US Diplomatic Post: New Delhi-8118,2025-02-03T11:30:00.000Z,74.0,Moderate
US Diplomatic Post: New Delhi-8118,2025-02-03T15:30:00.000Z,111.0,Unhealthy
US Diplomatic Post: New Delhi-8118,2025-02-03T22:30:00.000Z,120.0,Unhealthy
US Diplomatic Post: New Delhi-8118,2025-02-04T02:30:00.000Z,119.0,Unhealthy
US Diplomatic Post: New Delhi-8118,2025-02-15T15:30:00.000Z,92.0,Moderate
US Diplomatic Post: New Delhi-8118,2025-02-15T22:30:00.000Z,252.0,Unhealthy
US Diplomatic Post: New Delhi-8118,2025-02-16T02:30:00.000Z,255.0,Unhealthy
US Diplomatic Post: New Delhi-8118,2025-02-16T06:30:00.000Z,90.0,Moderate
US Diplomatic Post: New Delhi-8118,2025-02-17T03:30:00.000Z,139.0,Unhealthy
US Diplomatic Post: New Delhi-8118,2025-02-17T07:30:00.000Z,56.0,Moderate
US Diplomatic Post: New Delhi-8118,2025-02-17T11:30:00.000Z,63.0,Moderate
US Diplomatic Post: New Delhi-8118,2025-02-17T15:30:00.000Z,104.0,Unhealthy
US Diplomatic Post: New Delhi-8118,2025-02-08T07:30:00.000Z,56.0,Moderate
US Diplomatic Post: New Delhi-8118,2025-02-08T11:30:00.000Z,38.0,Good
US Diplomatic Post: New Delhi-8118,2025-02-08T15:30:00.000Z,93.0,Moderate
US Diplomatic Post: New Delhi-8118,2025-02-08T22:30:00.000Z,132.0,Unhealthy
US Diplomatic Post: New Delhi-8118,2025-02-16T07:30:00.000Z,79.0,Moderate
US Diplomatic Post: New Delhi-8118,2025-02-16T11:30:00.000Z,42.0,Good
US Diplomatic Post: New Delhi-8118,2025-02-16T15:30:00.000Z,88.0,Moderate
US Diplomatic Post: New Delhi-8118,2025-02-16T22:30:00.000Z,104.0,Unhealthy
US Diplomatic Post: New Delhi-8118,2025-02-26T03:30:00.000Z,192.0,Unhealthy
US Diplomatic Post: New Delhi-8118,2025-02-26T07:30:00.000Z,95.0,Moderate
US Diplomatic Post: New Delhi-8118,2025-02-26T11:30:00.000Z,55.0,Moderate
US Diplomatic Post: New Delhi-8118,2025-02-26T15:30:00.000Z,115.0,Unhealthy
US Diplomatic Post: New Delhi-8118,2025-02-20T15:30:00.000Z,67.0,Moderate
US Diplomatic Post: New Delhi-8118,2025-02-20T22:30:00.000Z,54.0,Moderate
US Diplomatic Post: New Delhi-8118,2025-02-21T02:30:00.000Z,101.0,Unhealthy
US Diplomatic Post: New Delhi-8118,2025-02-21T06:30:00.000Z,68.0,Moderate
US Diplomatic Post: New Delhi-8118,2025-02-21T11:30:00.000Z,79.0,Moderate
US Diplomatic Post: New Delhi-8118,2025-02-21T15:30:00.000Z,103.0,Unhealthy
US Diplomatic Post: New Delhi-8118,2025-02-21T22:30:00.000Z,75.0,Moderate
US Diplomatic Post: New Delhi-8118,2025-02-22T02:30:00.000Z,66.0,Moderate
US Diplomatic Post: New Delhi-8118,2025-02-23T22:30:00.000Z,90.0,Moderate
US Diplomatic Post: New Delhi-8118,2025-02-24T02:30:00.000Z,137.0,Unhealthy
US Diplomatic Post: New Delhi-8118,2025-02-24T06:30:00.000Z,67.0,Moderate
US Diplomatic Post: New Delhi-8118,2025-02-24T10:30:00.000Z,40.0,Good
US Diplomatic Post: New Delhi-8118,2025-02-24T11:30:00.000Z,39.0,Good
US Diplomatic Post: New Delhi-8118,2025-02-24T15:30:00.000Z,72.0,Moderate
US Diplomatic Post: New Delhi-8118,2025-02-24T22:30:00.000Z,114.0,Unhealthy
US Diplomatic Post: New Delhi-8118,2025-02-25T02:30:00.000Z,118.0,Unhealthy
US Diplomatic Post: New Delhi-8118,2025-02-14T22:30:00.000Z,102.0,Unhealthy
US Diplomatic Post: New Delhi-8118,2025-02-15T02:30:00.000Z,98.0,Moderate
US Diplomatic Post: New Delhi-8118,2025-02-15T06:30:00.000Z,88.0,Moderate
US Diplomatic Post: New Delhi-8118,2025-02-15T10:30:00.000Z,74.0,Moderate
US Diplomatic Post: New Delhi-8118,2025-02-25T07:30:00.000Z,75.0,Moderate
US Diplomatic Post: New Delhi-8118,2025-02-25T11:30:00.000Z,45.0,Good
US Diplomatic Post: New Delhi-8118,2025-02-25T15:30:00.000Z,68.0,Moderate
US Diplomatic Post: New Delhi-8118,2025-02-25T22:30:00.000Z,102.0,Unhealthy
US Diplomatic Post: New Delhi-8118,2025-02-12T03:30:00.000Z,88.0,Moderate
US Diplomatic Post: New Delhi-8118,2025-02-12T07:30:00.000Z,32.0,Good
US Diplomatic Post: New Delhi-8118,2025-02-12T11:30:00.000Z,28.0,Good
US Diplomatic Post: New Delhi-8118,2025-02-12T15:30:00.000Z,69.0,Moderate
US Diplomatic Post: New Delhi-8118,2025-02-22T07:30:00.000Z,64.0,Moderate
US Diplomatic Post: New Delhi-8118,2025-02-22T11:30:00.000Z,31.0,Good
US Diplomatic Post: New Delhi-8118,2025-02-22T15:30:00.000Z,79.0,Moderate
US Diplomatic Post: New Delhi-8118,2025-02-22T22:30:00.000Z,80.0,Moderate
US Diplomatic Post: New Delhi-8118,2025-02-16T10:30:00.000Z,58.0,Moderate
US Diplomatic Post: New Delhi-8118,2025-02-16T14:30:00.000Z,76.0,Moderate
US Diplomatic Post: New Delhi-8118,2025-02-16T18:30:00.000Z,116.0,Unhealthy
US Diplomatic Post: New Delhi-8118,2025-02-16T21:30:00.000Z,112.0,Unhealthy
US Diplomatic Post: New Delhi-8118,2025-02-23T20:30:00.000Z,103.0,Unhealthy
US Diplomatic Post: New Delhi-8118,2025-02-24T00:30:00.000Z,100.0,Moderate
US Diplomatic Post: New Delhi-8118,2025-02-24T04:30:00.000Z,132.0,Unhealthy
US Diplomatic Post: New Delhi-8118,2025-02-24T08:30:00.000Z,61.0,Moderate
New Delhi-8118,2025-04-22T09:30:00.000Z,116.0,Unhealthy
New Delhi-8118,2025-04-22T13:30:00.000Z,39.0,Good
New Delhi-8118,2025-04-22T17:30:00.000Z,88.0,Moderate
New Delhi-8118,2025-04-22T22:30:00.000Z,59.0,Moderate
New Delhi-8118,2025-04-23T02:30:00.000Z,111.0,Unhealthy
US Diplomatic Post: New Delhi-8118,2025-02-24T14:30:00.000Z,62.0,Moderate
US Diplomatic Post: New Delhi-8118,2025-02-24T18:30:00.000Z,99.0,Moderate
US Diplomatic Post: New Delhi-8118,2025-02-24T21:30:00.000Z,116.0,Unhealthy
US Diplomatic Post: New Delhi-8118,2025-02-25T01:30:00.000Z,119.0,Unhealthy
US Diplomatic Post: New Delhi-8118,2025-02-22T08:30:00.000Z,48.0,Good
US Diplomatic Post: New Delhi-8118,2025-02-22T12:30:00.000Z,37.0,Good
US Diplomatic Post: New Delhi-8118,2025-02-22T16:30:00.000Z,70.0,Moderate
US Diplomatic Post: New Delhi-8118,2025-02-22T19:30:00.000Z,70.0,Moderate
New Delhi-8118,2025-03-30T04:30:00.000Z,53.0,Moderate
New Delhi-8118,2025-03-30T09:30:00.000Z,17.0,Good
New Delhi-8118,2025-03-30T14:30:00.000Z,22.0,Good
New Delhi-8118,2025-03-30T00:30:00.000Z,48.0,Good
New Delhi-8118,2025-03-30T22:30:00.000Z,95.0,Moderate
New Delhi-8118,2025-04-03T15:30:00.000Z,79.0,Moderate
New Delhi-8118,2025-04-03T22:30:00.000Z,90.0,Moderate
New Delhi-8118,2025-04-04T02:30:00.000Z,128.0,Unhealthy
New Delhi-8118,2025-04-04T06:30:00.000Z,42.0,Good
New Delhi-8118,2025-04-04T10:30:00.000Z,28.0,Good
New Delhi-8118,2025-04-06T22:30:00.000Z,93.0,Moderate
New Delhi-8118,2025-04-07T02:30:00.000Z,152.0,Unhealthy
New Delhi-8118,2025-04-07T06:30:00.000Z,98.0,Moderate
New Delhi-8118,2025-04-07T10:30:00.000Z,39.0,Good
New Delhi-8118,2025-04-07T14:30:00.000Z,63.0,Moderate
New Delhi-8118,2025-04-14T07:30:00.000Z,56.0,Moderate
New Delhi-8118,2025-04-14T11:30:00.000Z,24.0,Good
New Delhi-8118,2025-04-14T15:30:00.000Z,55.0,Moderate
New Delhi-8118,2025-04-14T22:30:00.000Z,73.0,Moderate
New Delhi-8118,2025-04-15T02:30:00.000Z,107.0,Unhealthy
New Delhi-8118,2025-04-23T03:30:00.000Z,84.0,Moderate
New Delhi-8118,2025-04-23T07:30:00.000Z,51.0,Moderate
New Delhi-8118,2025-04-23T11:30:00.000Z,43.0,Good
New Delhi-8118,2025-04-23T15:30:00.000Z,67.0,Moderate
New Delhi-8118,2025-04-23T22:30:00.000Z,187.0,Unhealthy
US Diplomatic Post: New Delhi-8118,2025-02-20T18:30:00.000Z,82.0,Moderate
US Diplomatic Post: New Delhi-8118,2025-02-20T21:30:00.000Z,59.0,Moderate
US Diplomatic Post: New Delhi-8118,2025-02-21T01:30:00.000Z,74.0,Moderate
US Diplomatic Post: New Delhi-8118,2025-02-21T05:30:00.000Z,77.0,Moderate
US Diplomatic Post: New Delhi-8118,2025-02-23T02:30:00.000Z,74.0,Moderate
US Diplomatic Post: New Delhi-8118,2025-02-23T06:30:00.000Z,63.0,Moderate
US Diplomatic Post: New Delhi-8118,2025-02-23T10:30:00.000Z,38.0,Good
US Diplomatic Post: New Delhi-8118,2025-02-23T14:30:00.000Z,51.0,Moderate
US Diplomatic Post: New Delhi-8118,2025-02-23T19:30:00.000Z,105.0,Unhealthy
US Diplomatic Post: New Delhi-8118,2025-02-23T23:30:00.000Z,90.0,Moderate
US Diplomatic Post: New Delhi-8118,2025-02-24T03:30:00.000Z,133.0,Unhealthy
US Diplomatic Post: New Delhi-8118,2025-02-24T07:30:00.000Z,71.0,Moderate
New Delhi-8118,2025-03-06T22:30:00.000Z,99.0,Moderate
New Delhi-8118,2025-03-07T02:30:00.000Z,248.0,Unhealthy
New Delhi-8118,2025-03-07T06:30:00.000Z,74.0,Moderate
New Delhi-8118,2025-03-07T10:30:00.000Z,23.0,Good
New Delhi-8118,2025-03-07T14:30:00.000Z,49.0,Good
New Delhi-8118,2025-03-14T22:30:00.000Z,13.0,Good
New Delhi-8118,2025-03-15T02:30:00.000Z,18.0,Good
New Delhi-8118,2025-03-15T06:30:00.000Z,24.0,Good
New Delhi-8118,2025-03-15T10:30:00.000Z,29.0,Good
New Delhi-8118,2025-03-15T14:30:00.000Z,51.0,Moderate
US Diplomatic Post: New Delhi-8118,2025-02-28T16:30:00.000Z,59.0,Moderate
New Delhi-8118,2025-02-28T19:30:00.000Z,46.0,Good
New Delhi-8118,2025-02-28T23:30:00.000Z,57.0,Moderate
New Delhi-8118,2025-03-01T03:30:00.000Z,69.0,Moderate
New Delhi-8118,2025-03-01T07:30:00.000Z,70.0,Moderate
US Diplomatic Post: New Delhi-8118,2025-02-28T17:30:00.000Z,54.0,Moderate
New Delhi-8118,2025-02-28T20:30:00.000Z,60.0,Moderate
New Delhi-8118,2025-03-01T00:30:00.000Z,43.0,Good
New Delhi-8118,2025-03-01T04:30:00.000Z,68.0,Moderate
New Delhi-8118,2025-03-01T08:30:00.000Z,67.0,Moderate
New Delhi-8118,2025-03-10T19:30:00.000Z,123.0,Unhealthy
New Delhi-8118,2025-03-10T23:30:00.000Z,114.0,Unhealthy
New Delhi-8118,2025-03-11T03:30:00.000Z,166.0,Unhealthy
New Delhi-8118,2025-03-11T08:30:00.000Z,59.0,Moderate
New Delhi-8118,2025-03-11T12:30:00.000Z,71.0,Moderate
New Delhi-8118,2025-03-24T18:30:00.000Z,104.0,Unhealthy
New Delhi-8118,2025-03-24T19:30:00.000Z,123.0,Unhealthy
New Delhi-8118,2025-03-24T23:30:00.000Z,127.0,Unhealthy
New Delhi-8118,2025-03-25T03:30:00.000Z,164.0,Unhealthy
New Delhi-8118,2025-03-25T07:30:00.000Z,38.0,Good
New Delhi-8118,2025-03-24T04:30:00.000Z,87.0,Moderate
New Delhi-8118,2025-03-24T20:30:00.000Z,125.0,Unhealthy
New Delhi-8118,2025-03-25T00:30:00.000Z,132.0,Unhealthy
New Delhi-8118,2025-03-25T04:30:00.000Z,123.0,Unhealthy
New Delhi-8118,2025-03-25T08:30:00.000Z,26.0,Good
New Delhi-8118,2025-04-07T19:30:00.000Z,109.0,Unhealthy
New Delhi-8118,2025-04-07T23:30:00.000Z,101.0,Unhealthy
New Delhi-8118,2025-04-08T03:30:00.000Z,102.0,Unhealthy
New Delhi-8118,2025-04-08T07:30:00.000Z,81.0,Moderate
New Delhi-8118,2025-04-08T11:30:00.000Z,56.0,Moderate
New Delhi-8118,2025-04-25T13:30:00.000Z,56.0,Moderate
New Delhi-8118,2025-04-25T17:30:00.000Z,93.0,Moderate
New Delhi-8118,2025-04-25T20:30:00.000Z,133.0,Unhealthy
New Delhi-8118,2025-04-26T00:30:00.000Z,125.0,Unhealthy
New Delhi-8118,2025-04-26T04:30:00.000Z,152.0,Unhealthy
New Delhi-8118,2025-03-06T20:30:00.000Z,129.0,Unhealthy
New Delhi-8118,2025-03-07T00:30:00.000Z,124.0,Unhealthy
New Delhi-8118,2025-03-07T04:30:00.000Z,109.0,Unhealthy
New Delhi-8118,2025-03-07T08:30:00.000Z,41.0,Good
New Delhi-8118,2025-03-07T12:30:00.000Z,25.0,Good
New Delhi-8118,2025-03-07T18:30:00.000Z,107.0,Unhealthy
New Delhi-8118,2025-03-07T21:30:00.000Z,107.0,Unhealthy
New Delhi-8118,2025-03-08T01:30:00.000Z,92.0,Moderate
New Delhi-8118,2025-03-08T05:30:00.000Z,56.0,Moderate
New Delhi-8118,2025-03-08T09:30:00.000Z,23.0,Good
New Delhi-8118,2025-03-09T23:30:00.000Z,106.0,Unhealthy
New Delhi-8118,2025-03-10T03:30:00.000Z,151.0,Unhealthy
New Delhi-8118,2025-03-10T07:30:00.000Z,74.0,Moderate
New Delhi-8118,2025-03-10T11:30:00.000Z,52.0,Moderate
New Delhi-8118,2025-03-10T15:30:00.000Z,87.0,Moderate
New Delhi-8118,2025-03-10T18:30:00.000Z,112.0,Unhealthy
New Delhi-8118,2025-03-10T21:30:00.000Z,114.0,Unhealthy
New Delhi-8118,2025-03-11T01:30:00.000Z,128.0,Unhealthy
New Delhi-8118,2025-03-11T05:30:00.000Z,111.0,Unhealthy
New Delhi-8118,2025-03-11T10:30:00.000Z,66.0,Moderate
New Delhi-8118,2025-03-11T15:30:00.000Z,85.0,Moderate
New Delhi-8118,2025-03-11T06:30:00.000Z,88.0,Moderate
New Delhi-8118,2025-03-11T21:30:00.000Z,173.0,Unhealthy
New Delhi-8118,2025-03-12T01:30:00.000Z,153.0,Unhealthy
New Delhi-8118,2025-03-12T05:30:00.000Z,65.0,Moderate
New Delhi-8118,2025-03-13T21:30:00.000Z,116.0,Unhealthy
New Delhi-8118,2025-03-14T01:30:00.000Z,131.0,Unhealthy
New Delhi-8118,2025-03-14T05:30:00.000Z,70.0,Moderate
New Delhi-8118,2025-03-14T09:30:00.000Z,32.0,Good
New Delhi-8118,2025-03-14T13:30:00.000Z,42.0,Good
New Delhi-8118,2025-03-25T10:30:00.000Z,29.0,Good
New Delhi-8118,2025-03-25T14:30:00.000Z,52.0,Moderate
New Delhi-8118,2025-03-25T18:30:00.000Z,111.0,Unhealthy
New Delhi-8118,2025-03-25T21:30:00.000Z,128.0,Unhealthy
New Delhi-8118,2025-03-26T01:30:00.000Z,141.0,Unhealthy
New Delhi-8118,2025-03-31T02:30:00.000Z,165.0,Unhealthy
New Delhi-8118,2025-03-31T20:30:00.000Z,50.0,Good
New Delhi-8118,2025-04-01T00:30:00.000Z,142.0,Unhealthy
New Delhi-8118,2025-04-01T04:30:00.000Z,117.0,Unhealthy
New Delhi-8118,2025-04-01T08:30:00.000Z,22.0,Good
New Delhi-8118,2025-04-02T04:30:00.000Z,133.0,Unhealthy
New Delhi-8118,2025-04-02T08:30:00.000Z,33.0,Good
New Delhi-8118,2025-04-02T12:30:00.000Z,76.0,Moderate
New Delhi-8118,2025-04-02T16:30:00.000Z,111.0,Unhealthy
New Delhi-8118,2025-04-02T19:30:00.000Z,88.0,Moderate
New Delhi-8118,2025-04-07T18:30:00.000Z,101.0,Unhealthy
New Delhi-8118,2025-04-07T21:30:00.000Z,104.0,Unhealthy
New Delhi-8118,2025-04-08T01:30:00.000Z,98.0,Moderate
New Delhi-8118,2025-04-08T05:30:00.000Z,100.0,Moderate
New Delhi-8118,2025-04-08T09:30:00.000Z,71.0,Moderate
New Delhi-8118,2025-04-25T14:30:00.000Z,60.0,Moderate
New Delhi-8118,2025-04-25T18:30:00.000Z,96.0,Moderate
New Delhi-8118,2025-04-25T21:30:00.000Z,148.0,Unhealthy
New Delhi-8118,2025-04-26T01:30:00.000Z,140.0,Unhealthy
New Delhi-8118,2025-04-26T05:30:00.000Z,100.0,Moderate
New Delhi-8118,2025-04-27T00:30:00.000Z,128.0,Unhealthy
New Delhi-8118,2025-04-27T04:30:00.000Z,110.0,Unhealthy
New Delhi-8118,2025-04-27T08:30:00.000Z,90.0,Moderate
New Delhi-8118,2025-04-27T12:30:00.000Z,50.0,Good
New Delhi-8118,2025-04-27T16:30:00.000Z,90.0,Moderate
New Delhi-8118,2025-03-03T00:30:00.000Z,49.0,Good
New Delhi-8118,2025-03-03T04:30:00.000Z,104.0,Unhealthy
New Delhi-8118,2025-03-03T08:30:00.000Z,40.0,Good
New Delhi-8118,2025-03-03T12:30:00.000Z,33.0,Good
New Delhi-8118,2025-03-03T16:30:00.000Z,63.0,Moderate
New Delhi-8118,2025-03-06T00:30:00.000Z,57.0,Moderate
New Delhi-8118,2025-03-06T04:30:00.000Z,56.0,Moderate
New Delhi-8118,2025-03-06T08:30:00.000Z,27.0,Good
New Delhi-8118,2025-03-06T13:30:00.000Z,19.0,Good
New Delhi-8118,2025-03-06T18:30:00.000Z,100.0,Moderate
New Delhi-8118,2025-03-06T21:30:00.000Z,111.0,Unhealthy
New Delhi-8118,2025-03-07T01:30:00.000Z,136.0,Unhealthy
New Delhi-8118,2025-03-07T05:30:00.000Z,62.0,Moderate
New Delhi-8118,2025-03-07T09:30:00.000Z,27.0,Good
New Delhi-8118,2025-03-07T13:30:00.000Z,31.0,Good
New Delhi-8118,2025-03-07T16:30:00.000Z,120.0,Unhealthy
New Delhi-8118,2025-03-07T19:30:00.000Z,89.0,Moderate
New Delhi-8118,2025-03-07T23:30:00.000Z,88.0,Moderate
New Delhi-8118,2025-03-08T03:30:00.000Z,100.0,Moderate
New Delhi-8118,2025-03-08T07:30:00.000Z,27.0,Good
New Delhi-8118,2025-03-08T10:30:00.000Z,26.0,Good
New Delhi-8118,2025-03-08T14:30:00.000Z,49.0,Good
New Delhi-8118,2025-03-08T18:30:00.000Z,76.0,Moderate
New Delhi-8118,2025-03-08T23:30:00.000Z,88.0,Moderate
New Delhi-8118,2025-03-09T03:30:00.000Z,149.0,Unhealthy
New Delhi-8118,2025-03-09T06:30:00.000Z,66.0,Moderate
New Delhi-8118,2025-03-09T11:30:00.000Z,41.0,Good
New Delhi-8118,2025-03-09T15:30:00.000Z,75.0,Moderate
New Delhi-8118,2025-03-09T18:30:00.000Z,100.0,Moderate
New Delhi-8118,2025-03-09T19:30:00.000Z,88.0,Moderate
New Delhi-8118,2025-03-09T21:30:00.000Z,94.0,Moderate
New Delhi-8118,2025-03-10T01:30:00.000Z,105.0,Unhealthy
New Delhi-8118,2025-03-10T05:30:00.000Z,103.0,Unhealthy
New Delhi-8118,2025-03-10T09:30:00.000Z,53.0,Moderate
New Delhi-8118,2025-03-10T13:30:00.000Z,58.0,Moderate
New Delhi-8118,2025-03-11T14:30:00.000Z,69.0,Moderate
New Delhi-8118,2025-03-11T18:30:00.000Z,117.0,Unhealthy
New Delhi-8118,2025-03-11T20:30:00.000Z,142.0,Unhealthy
New Delhi-8118,2025-03-12T00:30:00.000Z,163.0,Unhealthy
New Delhi-8118,2025-03-12T04:30:00.000Z,99.0,Moderate
New Delhi-8118,2025-03-13T01:30:00.000Z,111.0,Unhealthy
New Delhi-8118,2025-03-13T06:30:00.000Z,88.0,Moderate
New Delhi-8118,2025-03-13T10:30:00.000Z,48.0,Good
New Delhi-8118,2025-03-13T15:30:00.000Z,60.0,Moderate
New Delhi-8118,2025-03-13T03:30:00.000Z,159.0,Unhealthy
New Delhi-8118,2025-03-13T22:30:00.000Z,96.0,Moderate
New Delhi-8118,2025-03-14T02:30:00.000Z,132.0,Unhealthy
New Delhi-8118,2025-03-14T06:30:00.000Z,46.0,Good
New Delhi-8118,2025-03-14T10:30:00.000Z,25.0,Good
New Delhi-8118,2025-03-14T14:30:00.000Z,43.0,Good
New Delhi-8118,2025-03-13T23:30:00.000Z,106.0,Unhealthy
New Delhi-8118,2025-03-14T03:30:00.000Z,114.0,Unhealthy
New Delhi-8118,2025-03-14T07:30:00.000Z,48.0,Good
New Delhi-8118,2025-03-14T11:30:00.000Z,31.0,Good
New Delhi-8118,2025-03-14T15:30:00.000Z,46.0,Good
New Delhi-8118,2025-03-17T02:30:00.000Z,116.0,Unhealthy
New Delhi-8118,2025-03-17T06:30:00.000Z,42.0,Good
New Delhi-8118,2025-03-17T10:30:00.000Z,31.0,Good
New Delhi-8118,2025-03-17T14:30:00.000Z,36.0,Good
New Delhi-8118,2025-03-17T18:30:00.000Z,63.0,Moderate
New Delhi-8118,2025-03-18T14:30:00.000Z,26.0,Good
New Delhi-8118,2025-03-18T18:30:00.000Z,72.0,Moderate
New Delhi-8118,2025-03-18T21:30:00.000Z,102.0,Unhealthy
New Delhi-8118,2025-03-19T01:30:00.000Z,140.0,Unhealthy
New Delhi-8118,2025-03-19T05:30:00.000Z,48.0,Good
New Delhi-8118,2025-03-20T19:30:00.000Z,53.0,Moderate
New Delhi-8118,2025-03-20T23:30:00.000Z,142.0,Unhealthy
New Delhi-8118,2025-03-21T04:30:00.000Z,100.0,Moderate
New Delhi-8118,2025-03-21T10:30:00.000Z,17.0,Good
New Delhi-8118,2025-03-21T14:30:00.000Z,32.0,Good
New Delhi-8118,2025-03-23T23:30:00.000Z,106.0,Unhealthy
New Delhi-8118,2025-03-24T03:30:00.000Z,147.0,Unhealthy
New Delhi-8118,2025-03-24T08:30:00.000Z,49.0,Good
New Delhi-8118,2025-03-24T12:30:00.000Z,36.0,Good
New Delhi-8118,2025-03-24T17:30:00.000Z,77.0,Moderate
New Delhi-8118,2025-03-25T09:30:00.000Z,31.0,Good
New Delhi-8118,2025-03-25T13:30:00.000Z,43.0,Good
New Delhi-8118,2025-03-25T17:30:00.000Z,98.0,Moderate
New Delhi-8118,2025-03-25T20:30:00.000Z,111.0,Unhealthy
New Delhi-8118,2025-03-26T00:30:00.000Z,133.0,Unhealthy
New Delhi-8118,2025-03-26T04:30:00.000Z,93.0,Moderate
New Delhi-8118,2025-03-26T08:30:00.000Z,46.0,Good
New Delhi-8118,2025-03-26T12:30:00.000Z,25.0,Good
New Delhi-8118,2025-03-26T16:30:00.000Z,68.0,Moderate
New Delhi-8118,2025-03-26T19:30:00.000Z,100.0,Moderate
New Delhi-8118,2025-04-01T09:30:00.000Z,23.0,Good
New Delhi-8118,2025-04-01T13:30:00.000Z,27.0,Good
New Delhi-8118,2025-04-01T17:30:00.000Z,98.0,Moderate
New Delhi-8118,2025-04-01T20:30:00.000Z,106.0,Unhealthy
New Delhi-8118,2025-04-02T00:30:00.000Z,158.0,Unhealthy
New Delhi-8118,2025-04-01T10:30:00.000Z,26.0,Good
New Delhi-8118,2025-04-01T14:30:00.000Z,43.0,Good
New Delhi-8118,2025-04-01T18:30:00.000Z,116.0,Unhealthy
New Delhi-8118,2025-04-01T21:30:00.000Z,96.0,Moderate
New Delhi-8118,2025-04-02T01:30:00.000Z,211.0,Unhealthy
New Delhi-8118,2025-04-02T02:30:00.000Z,244.0,Unhealthy
New Delhi-8118,2025-04-02T06:30:00.000Z,84.0,Moderate
New Delhi-8118,2025-04-02T10:30:00.000Z,27.0,Good
New Delhi-8118,2025-04-02T14:30:00.000Z,49.0,Good
New Delhi-8118,2025-04-02T18:30:00.000Z,72.0,Moderate
New Delhi-8118,2025-04-05T05:30:00.000Z,98.0,Moderate
New Delhi-8118,2025-04-05T09:30:00.000Z,33.0,Good
New Delhi-8118,2025-04-05T13:30:00.000Z,28.0,Good
New Delhi-8118,2025-04-05T17:30:00.000Z,80.0,Moderate
New Delhi-8118,2025-04-05T20:30:00.000Z,107.0,Unhealthy
New Delhi-8118,2025-04-06T21:30:00.000Z,90.0,Moderate
New Delhi-8118,2025-04-07T01:30:00.000Z,104.0,Unhealthy
New Delhi-8118,2025-04-07T05:30:00.000Z,138.0,Unhealthy
New Delhi-8118,2025-04-07T09:30:00.000Z,44.0,Good
New Delhi-8118,2025-04-07T13:30:00.000Z,50.0,Good
New Delhi-8118,2025-04-16T01:30:00.000Z,121.0,Unhealthy
New Delhi-8118,2025-04-16T05:30:00.000Z,83.0,Moderate
New Delhi-8118,2025-04-16T09:30:00.000Z,81.0,Moderate
New Delhi-8118,2025-04-16T13:30:00.000Z,66.0,Moderate
New Delhi-8118,2025-04-16T17:30:00.000Z,69.0,Moderate
New Delhi-8118,2025-04-17T14:30:00.000Z,74.0,Moderate
New Delhi-8118,2025-04-17T18:30:00.000Z,94.0,Moderate
New Delhi-8118,2025-04-17T21:30:00.000Z,55.0,Moderate
New Delhi-8118,2025-04-18T01:30:00.000Z,60.0,Moderate
New Delhi-8118,2025-04-18T05:30:00.000Z,135.0,Unhealthy
New Delhi-8118,2025-04-21T13:30:00.000Z,36.0,Good
New Delhi-8118,2025-04-21T17:30:00.000Z,70.0,Moderate
New Delhi-8118,2025-04-21T20:30:00.000Z,85.0,Moderate
New Delhi-8118,2025-04-22T00:30:00.000Z,79.0,Moderate
New Delhi-8118,2025-04-22T05:30:00.000Z,120.0,Unhealthy
New Delhi-8118,2025-04-22T10:30:00.000Z,100.0,Moderate
New Delhi-8118,2025-04-22T14:30:00.000Z,47.0,Good
New Delhi-8118,2025-04-22T18:30:00.000Z,98.0,Moderate
New Delhi-8118,2025-04-22T19:30:00.000Z,75.0,Moderate
New Delhi-8118,2025-04-22T23:30:00.000Z,59.0,Moderate
New Delhi-8118,2025-04-22T11:30:00.000Z,51.0,Moderate
New Delhi-8118,2025-04-22T15:30:00.000Z,59.0,Moderate
New Delhi-8118,2025-04-22T04:30:00.000Z,156.0,Unhealthy
New Delhi-8118,2025-04-22T20:30:00.000Z,60.0,Moderate
New Delhi-8118,2025-04-23T00:30:00.000Z,106.0,Unhealthy
New Delhi-8118,2025-04-23T06:30:00.000Z,62.0,Moderate
New Delhi-8118,2025-04-23T10:30:00.000Z,54.0,Moderate
New Delhi-8118,2025-04-23T14:30:00.000Z,53.0,Moderate
New Delhi-8118,2025-04-23T18:30:00.000Z,109.0,Unhealthy
New Delhi-8118,2025-04-23T21:30:00.000Z,195.0,Unhealthy
New Delhi-8118,2025-04-23T23:30:00.000Z,128.0,Unhealthy
New Delhi-8118,2025-04-24T03:30:00.000Z,84.0,Moderate
New Delhi-8118,2025-04-24T07:30:00.000Z,57.0,Moderate
New Delhi-8118,2025-04-24T11:30:00.000Z,42.0,Good
New Delhi-8118,2025-04-24T15:30:00.000Z,59.0,Moderate
New Delhi-8118,2025-04-24T02:30:00.000Z,119.0,Unhealthy
New Delhi-8118,2025-04-24T06:30:00.000Z,67.0,Moderate
New Delhi-8118,2025-04-24T10:30:00.000Z,39.0,Good
New Delhi-8118,2025-04-24T14:30:00.000Z,50.0,Good
New Delhi-8118,2025-04-24T18:30:00.000Z,73.0,Moderate
New Delhi-8118,2025-04-24T19:30:00.000Z,71.0,Moderate
New Delhi-8118,2025-04-24T23:30:00.000Z,91.0,Moderate
New Delhi-8118,2025-04-25T03:30:00.000Z,112.0,Unhealthy
New Delhi-8118,2025-04-25T07:30:00.000Z,80.0,Moderate
New Delhi-8118,2025-04-25T11:30:00.000Z,68.0,Moderate
New Delhi-8118,2025-04-24T20:30:00.000Z,77.0,Moderate
New Delhi-8118,2025-04-25T00:30:00.000Z,92.0,Moderate
New Delhi-8118,2025-04-25T04:30:00.000Z,134.0,Unhealthy
New Delhi-8118,2025-04-25T08:30:00.000Z,59.0,Moderate
New Delhi-8118,2025-04-25T12:30:00.000Z,56.0,Moderate
New Delhi-8118,2025-04-26T06:30:00.000Z,52.0,Moderate
New Delhi-8118,2025-04-26T10:30:00.000Z,144.0,Unhealthy
New Delhi-8118,2025-04-26T14:30:00.000Z,112.0,Unhealthy
New Delhi-8118,2025-04-26T18:30:00.000Z,82.0,Moderate
New Delhi-8118,2025-04-26T21:30:00.000Z,54.0,Moderate
New Delhi-8118,2025-04-27T01:30:00.000Z,160.0,Unhealthy
New Delhi-8118,2025-04-27T05:30:00.000Z,134.0,Unhealthy
New Delhi-8118,2025-04-27T09:30:00.000Z,63.0,Moderate
New Delhi-8118,2025-04-27T13:30:00.000Z,54.0,Moderate
New Delhi-8118,2025-04-27T17:30:00.000Z,115.0,Unhealthy
New Delhi-8118,2025-03-02T05:30:00.000Z,56.0,Moderate
New Delhi-8118,2025-03-02T09:30:00.000Z,12.0,Good
New Delhi-8118,2025-03-02T13:30:00.000Z,27.0,Good
New Delhi-8118,2025-03-02T17:30:00.000Z,61.0,Moderate
New Delhi-8118,2025-03-02T20:30:00.000Z,68.0,Moderate
New Delhi-8118,2025-03-02T06:30:00.000Z,36.0,Good
New Delhi-8118,2025-03-02T10:30:00.000Z,18.0,Good
New Delhi-8118,2025-03-02T14:30:00.000Z,31.0,Good
New Delhi-8118,2025-03-02T18:30:00.000Z,64.0,Moderate
New Delhi-8118,2025-03-02T21:30:00.000Z,69.0,Moderate
New Delhi-8118,2025-03-02T23:30:00.000Z,60.0,Moderate
New Delhi-8118,2025-03-03T03:30:00.000Z,109.0,Unhealthy
New Delhi-8118,2025-03-03T07:30:00.000Z,44.0,Good
New Delhi-8118,2025-03-03T11:30:00.000Z,37.0,Good
New Delhi-8118,2025-03-03T15:30:00.000Z,58.0,Moderate
New Delhi-8118,2025-03-03T01:30:00.000Z,55.0,Moderate
New Delhi-8118,2025-03-03T05:30:00.000Z,55.0,Moderate
New Delhi-8118,2025-03-03T09:30:00.000Z,54.0,Moderate
New Delhi-8118,2025-03-03T13:30:00.000Z,48.0,Good
New Delhi-8118,2025-03-03T17:30:00.000Z,66.0,Moderate
New Delhi-8118,2025-03-07T17:30:00.000Z,91.0,Moderate
New Delhi-8118,2025-03-07T20:30:00.000Z,122.0,Unhealthy
New Delhi-8118,2025-03-08T00:30:00.000Z,89.0,Moderate
New Delhi-8118,2025-03-08T04:30:00.000Z,73.0,Moderate
New Delhi-8118,2025-03-08T08:30:00.000Z,24.0,Good
New Delhi-8118,2025-03-09T22:30:00.000Z,92.0,Moderate
New Delhi-8118,2025-03-10T02:30:00.000Z,135.0,Unhealthy
New Delhi-8118,2025-03-10T06:30:00.000Z,80.0,Moderate
New Delhi-8118,2025-03-10T10:30:00.000Z,51.0,Moderate
New Delhi-8118,2025-03-10T14:30:00.000Z,64.0,Moderate
New Delhi-8118,2025-03-12T08:30:00.000Z,45.0,Good
New Delhi-8118,2025-03-12T12:30:00.000Z,37.0,Good
New Delhi-8118,2025-03-12T16:30:00.000Z,70.0,Moderate
New Delhi-8118,2025-03-12T19:30:00.000Z,61.0,Moderate
New Delhi-8118,2025-03-12T23:30:00.000Z,71.0,Moderate
New Delhi-8118,2025-03-17T21:30:00.000Z,73.0,Moderate
New Delhi-8118,2025-03-18T01:30:00.000Z,113.0,Unhealthy
New Delhi-8118,2025-03-18T05:30:00.000Z,59.0,Moderate
New Delhi-8118,2025-03-18T09:30:00.000Z,18.0,Good
New Delhi-8118,2025-03-18T13:30:00.000Z,23.0,Good
New Delhi-8118,2025-03-20T01:30:00.000Z,76.0,Moderate
New Delhi-8118,2025-03-20T05:30:00.000Z,40.0,Good
New Delhi-8118,2025-03-20T09:30:00.000Z,15.0,Good
New Delhi-8118,2025-03-20T13:30:00.000Z,20.0,Good
New Delhi-8118,2025-03-20T17:30:00.000Z,63.0,Moderate
New Delhi-8118,2025-03-20T02:30:00.000Z,88.0,Moderate
New Delhi-8118,2025-03-20T06:30:00.000Z,46.0,Good
New Delhi-8118,2025-03-20T10:30:00.000Z,21.0,Good
New Delhi-8118,2025-03-20T14:30:00.000Z,28.0,Good
New Delhi-8118,2025-03-20T18:30:00.000Z,70.0,Moderate
New Delhi-8118,2025-03-21T16:30:00.000Z,50.0,Good
New Delhi-8118,2025-03-21T05:30:00.000Z,79.0,Moderate
New Delhi-8118,2025-03-21T20:30:00.000Z,60.0,Moderate
New Delhi-8118,2025-03-22T00:30:00.000Z,102.0,Unhealthy
New Delhi-8118,2025-03-22T04:30:00.000Z,73.0,Moderate
New Delhi-8118,2025-03-21T17:30:00.000Z,59.0,Moderate
New Delhi-8118,2025-03-21T08:30:00.000Z,20.0,Good
New Delhi-8118,2025-03-21T21:30:00.000Z,61.0,Moderate
New Delhi-8118,2025-03-22T01:30:00.000Z,74.0,Moderate
New Delhi-8118,2025-03-22T05:30:00.000Z,53.0,Moderate
New Delhi-8118,2025-03-26T20:30:00.000Z,111.0,Unhealthy
New Delhi-8118,2025-03-27T02:30:00.000Z,146.0,Unhealthy
New Delhi-8118,2025-03-27T07:30:00.000Z,32.0,Good
New Delhi-8118,2025-03-27T12:30:00.000Z,34.0,Good
New Delhi-8118,2025-03-27T17:30:00.000Z,56.0,Moderate
New Delhi-8118,2025-03-26T21:30:00.000Z,117.0,Unhealthy
New Delhi-8118,2025-03-27T04:30:00.000Z,70.0,Moderate
New Delhi-8118,2025-03-27T08:30:00.000Z,37.0,Good
New Delhi-8118,2025-03-27T14:30:00.000Z,44.0,Good
New Delhi-8118,2025-03-27T18:30:00.000Z,68.0,Moderate
New Delhi-8118,2025-03-26T22:30:00.000Z,122.0,Unhealthy
New Delhi-8118,2025-03-27T05:30:00.000Z,59.0,Moderate
New Delhi-8118,2025-03-27T09:30:00.000Z,31.0,Good
New Delhi-8118,2025-03-27T15:30:00.000Z,59.0,Moderate
New Delhi-8118,2025-03-27T10:30:00.000Z,26.0,Good
New Delhi-8118,2025-03-27T01:30:00.000Z,170.0,Unhealthy
New Delhi-8118,2025-03-27T06:30:00.000Z,37.0,Good
New Delhi-8118,2025-03-27T11:30:00.000Z,27.0,Good
New Delhi-8118,2025-03-27T16:30:00.000Z,51.0,Moderate
New Delhi-8118,2025-03-26T23:30:00.000Z,124.0,Unhealthy
New Delhi-8118,2025-03-27T00:30:00.000Z,139.0,Unhealthy
New Delhi-8118,2025-03-27T19:30:00.000Z,72.0,Moderate
New Delhi-8118,2025-03-28T02:30:00.000Z,75.0,Moderate
New Delhi-8118,2025-03-28T06:30:00.000Z,37.0,Good
New Delhi-8118,2025-03-28T10:30:00.000Z,26.0,Good
New Delhi-8118,2025-03-27T03:30:00.000Z,68.0,Moderate
New Delhi-8118,2025-03-27T20:30:00.000Z,153.0,Unhealthy
New Delhi-8118,2025-03-28T03:30:00.000Z,79.0,Moderate
New Delhi-8118,2025-03-28T07:30:00.000Z,42.0,Good
New Delhi-8118,2025-03-28T11:30:00.000Z,27.0,Good
New Delhi-8118,2025-03-28T15:30:00.000Z,36.0,Good
New Delhi-8118,2025-03-27T23:30:00.000Z,46.0,Good
New Delhi-8118,2025-03-28T19:30:00.000Z,26.0,Good
New Delhi-8118,2025-03-28T23:30:00.000Z,46.0,Good
New Delhi-8118,2025-03-29T03:30:00.000Z,73.0,Moderate
New Delhi-8118,2025-03-30T07:30:00.000Z,18.0,Good
New Delhi-8118,2025-03-30T11:30:00.000Z,14.0,Good
New Delhi-8118,2025-03-30T16:30:00.000Z,53.0,Moderate
New Delhi-8118,2025-03-30T12:30:00.000Z,17.0,Good
New Delhi-8118,2025-03-30T20:30:00.000Z,78.0,Moderate
New Delhi-8118,2025-03-31T00:30:00.000Z,197.0,Unhealthy
New Delhi-8118,2025-03-31T05:30:00.000Z,83.0,Moderate
New Delhi-8118,2025-03-31T10:30:00.000Z,9.0,Good
New Delhi-8118,2025-03-31T14:30:00.000Z,29.0,Good
New Delhi-8118,2025-03-31T18:30:00.000Z,74.0,Moderate
New Delhi-8118,2025-04-03T16:30:00.000Z,52.0,Moderate
New Delhi-8118,2025-04-03T19:30:00.000Z,62.0,Moderate
New Delhi-8118,2025-04-03T23:30:00.000Z,94.0,Moderate
New Delhi-8118,2025-04-04T03:30:00.000Z,145.0,Unhealthy
New Delhi-8118,2025-04-04T07:30:00.000Z,49.0,Good
New Delhi-8118,2025-04-03T17:30:00.000Z,57.0,Moderate
New Delhi-8118,2025-04-03T20:30:00.000Z,61.0,Moderate
New Delhi-8118,2025-04-04T00:30:00.000Z,97.0,Moderate
New Delhi-8118,2025-04-04T04:30:00.000Z,94.0,Moderate
New Delhi-8118,2025-04-04T08:30:00.000Z,42.0,Good
New Delhi-8118,2025-04-03T18:30:00.000Z,56.0,Moderate
New Delhi-8118,2025-04-03T21:30:00.000Z,83.0,Moderate
New Delhi-8118,2025-04-04T01:30:00.000Z,107.0,Unhealthy
New Delhi-8118,2025-04-04T05:30:00.000Z,89.0,Moderate
New Delhi-8118,2025-04-04T09:30:00.000Z,27.0,Good
New Delhi-8118,2025-04-06T00:30:00.000Z,150.0,Unhealthy
New Delhi-8118,2025-04-06T04:30:00.000Z,72.0,Moderate
New Delhi-8118,2025-04-06T08:30:00.000Z,45.0,Good
New Delhi-8118,2025-04-06T12:30:00.000Z,22.0,Good
New Delhi-8118,2025-04-06T16:30:00.000Z,46.0,Good
New Delhi-8118,2025-04-06T01:30:00.000Z,109.0,Unhealthy
New Delhi-8118,2025-04-06T05:30:00.000Z,64.0,Moderate
New Delhi-8118,2025-04-06T09:30:00.000Z,36.0,Good
New Delhi-8118,2025-04-06T13:30:00.000Z,28.0,Good
New Delhi-8118,2025-04-06T17:30:00.000Z,61.0,Moderate
New Delhi-8118,2025-04-06T02:30:00.000Z,96.0,Moderate
New Delhi-8118,2025-04-06T06:30:00.000Z,46.0,Good
New Delhi-8118,2025-04-06T10:30:00.000Z,28.0,Good
New Delhi-8118,2025-04-06T14:30:00.000Z,53.0,Moderate
New Delhi-8118,2025-04-06T18:30:00.000Z,73.0,Moderate
New Delhi-8118,2025-04-08T13:30:00.000Z,80.0,Moderate
New Delhi-8118,2025-04-08T17:30:00.000Z,100.0,Moderate
New Delhi-8118,2025-04-08T20:30:00.000Z,91.0,Moderate
New Delhi-8118,2025-04-09T00:30:00.000Z,94.0,Moderate
New Delhi-8118,2025-04-09T04:30:00.000Z,115.0,Unhealthy
New Delhi-8118,2025-04-08T14:30:00.000Z,89.0,Moderate
New Delhi-8118,2025-04-08T18:30:00.000Z,98.0,Moderate
New Delhi-8118,2025-04-08T21:30:00.000Z,102.0,Unhealthy
New Delhi-8118,2025-04-09T01:30:00.000Z,103.0,Unhealthy
New Delhi-8118,2025-04-09T05:30:00.000Z,111.0,Unhealthy
New Delhi-8118,2025-04-09T06:30:00.000Z,102.0,Unhealthy
New Delhi-8118,2025-04-09T10:30:00.000Z,71.0,Moderate
New Delhi-8118,2025-04-09T14:30:00.000Z,96.0,Moderate
New Delhi-8118,2025-04-09T18:30:00.000Z,96.0,Moderate
New Delhi-8118,2025-04-09T21:30:00.000Z,78.0,Moderate
New Delhi-8118,2025-04-09T08:30:00.000Z,84.0,Moderate
New Delhi-8118,2025-04-09T12:30:00.000Z,70.0,Moderate
New Delhi-8118,2025-04-09T16:30:00.000Z,113.0,Unhealthy
New Delhi-8118,2025-04-09T19:30:00.000Z,76.0,Moderate
New Delhi-8118,2025-04-09T23:30:00.000Z,64.0,Moderate
New Delhi-8118,2025-04-10T00:30:00.000Z,70.0,Moderate
New Delhi-8118,2025-04-10T04:30:00.000Z,92.0,Moderate
New Delhi-8118,2025-04-10T08:30:00.000Z,65.0,Moderate
New Delhi-8118,2025-04-10T12:30:00.000Z,92.0,Moderate
New Delhi-8118,2025-04-10T16:30:00.000Z,42.0,Good
New Delhi-8118,2025-04-10T01:30:00.000Z,84.0,Moderate
New Delhi-8118,2025-04-10T05:30:00.000Z,70.0,Moderate
New Delhi-8118,2025-04-10T09:30:00.000Z,71.0,Moderate
New Delhi-8118,2025-04-10T13:30:00.000Z,63.0,Moderate
New Delhi-8118,2025-04-10T17:30:00.000Z,33.0,Good
New Delhi-8118,2025-04-12T21:30:00.000Z,36.0,Good
New Delhi-8118,2025-04-13T01:30:00.000Z,47.0,Good
New Delhi-8118,2025-04-13T05:30:00.000Z,59.0,Moderate
New Delhi-8118,2025-04-13T09:30:00.000Z,46.0,Good
New Delhi-8118,2025-04-13T13:30:00.000Z,43.0,Good
New Delhi-8118,2025-04-13T14:30:00.000Z,51.0,Moderate
New Delhi-8118,2025-04-13T18:30:00.000Z,64.0,Moderate
New Delhi-8118,2025-04-13T21:30:00.000Z,82.0,Moderate
New Delhi-8118,2025-04-14T01:30:00.000Z,130.0,Unhealthy
New Delhi-8118,2025-04-14T05:30:00.000Z,68.0,Moderate
New Delhi-8118,2025-04-15T05:30:00.000Z,77.0,Moderate
New Delhi-8118,2025-04-15T09:30:00.000Z,35.0,Good
New Delhi-8118,2025-04-15T13:30:00.000Z,47.0,Good
New Delhi-8118,2025-04-15T17:30:00.000Z,66.0,Moderate
New Delhi-8118,2025-04-15T20:30:00.000Z,68.0,Moderate
New Delhi-8118,2025-04-16T00:30:00.000Z,74.0,Moderate
New Delhi-8118,2025-04-16T04:30:00.000Z,75.0,Moderate
New Delhi-8118,2025-04-16T08:30:00.000Z,90.0,Moderate
New Delhi-8118,2025-04-16T12:30:00.000Z,65.0,Moderate
New Delhi-8118,2025-04-16T16:30:00.000Z,74.0,Moderate
New Delhi-8118,2025-04-16T02:30:00.000Z,154.0,Unhealthy
New Delhi-8118,2025-04-16T06:30:00.000Z,89.0,Moderate
New Delhi-8118,2025-04-16T10:30:00.000Z,67.0,Moderate
New Delhi-8118,2025-04-16T14:30:00.000Z,73.0,Moderate
New Delhi-8118,2025-04-16T18:30:00.000Z,70.0,Moderate
New Delhi-8118,2025-04-16T19:30:00.000Z,80.0,Moderate
New Delhi-8118,2025-04-16T23:30:00.000Z,121.0,Unhealthy
New Delhi-8118,2025-04-17T03:30:00.000Z,62.0,Moderate
New Delhi-8118,2025-04-17T07:30:00.000Z,58.0,Moderate
New Delhi-8118,2025-04-17T11:30:00.000Z,51.0,Moderate
New Delhi-8118,2025-04-18T10:30:00.000Z,87.0,Moderate
New Delhi-8118,2025-04-18T14:30:00.000Z,88.0,Moderate
New Delhi-8118,2025-04-18T18:30:00.000Z,39.0,Good
New Delhi-8118,2025-04-18T21:30:00.000Z,31.0,Good
New Delhi-8118,2025-04-19T01:30:00.000Z,53.0,Moderate
New Delhi-8118,2025-04-19T05:30:00.000Z,93.0,Moderate
New Delhi-8118,2025-04-19T09:30:00.000Z,69.0,Moderate
New Delhi-8118,2025-04-19T13:30:00.000Z,44.0,Good
New Delhi-8118,2025-04-19T17:30:00.000Z,30.0,Good
New Delhi-8118,2025-04-19T20:30:00.000Z,36.0,Good
New Delhi-8118,2025-04-20T19:30:00.000Z,79.0,Moderate
New Delhi-8118,2025-04-20T23:30:00.000Z,83.0,Moderate
New Delhi-8118,2025-04-21T03:30:00.000Z,108.0,Unhealthy
New Delhi-8118,2025-04-21T07:30:00.000Z,61.0,Moderate
New Delhi-8118,2025-04-21T11:30:00.000Z,40.0,Good
New Delhi-8118,2025-04-23T04:30:00.000Z,94.0,Moderate
New Delhi-8118,2025-04-23T08:30:00.000Z,44.0,Good
New Delhi-8118,2025-04-23T12:30:00.000Z,51.0,Moderate
New Delhi-8118,2025-04-23T16:30:00.000Z,71.0,Moderate
New Delhi-8118,2025-04-23T19:30:00.000Z,173.0,Unhealthy
New Delhi-8118,2025-04-23T05:30:00.000Z,64.0,Moderate
New Delhi-8118,2025-04-23T09:30:00.000Z,54.0,Moderate
New Delhi-8118,2025-04-23T13:30:00.000Z,49.0,Good
New Delhi-8118,2025-04-23T17:30:00.000Z,76.0,Moderate
New Delhi-8118,2025-04-23T20:30:00.000Z,181.0,Unhealthy
New Delhi-8118,2025-04-26T23:30:00.000Z,110.0,Unhealthy
New Delhi-8118,2025-04-27T03:30:00.000Z,113.0,Unhealthy
New Delhi-8118,2025-04-27T07:30:00.000Z,99.0,Moderate
New Delhi-8118,2025-04-27T11:30:00.000Z,55.0,Moderate
New Delhi-8118,2025-04-27T15:30:00.000Z,69.0,Moderate
New Delhi-8118,2025-03-01T09:30:00.000Z,62.0,Moderate
New Delhi-8118,2025-03-01T13:30:00.000Z,44.0,Good
New Delhi-8118,2025-03-01T17:30:00.000Z,74.0,Moderate
New Delhi-8118,2025-03-01T20:30:00.000Z,72.0,Moderate
New Delhi-8118,2025-03-02T00:30:00.000Z,53.0,Moderate
New Delhi-8118,2025-03-02T04:30:00.000Z,61.0,Moderate
New Delhi-8118,2025-03-02T08:30:00.000Z,16.0,Good
New Delhi-8118,2025-03-02T12:30:00.000Z,19.0,Good
New Delhi-8118,2025-03-02T16:30:00.000Z,49.0,Good
New Delhi-8118,2025-03-02T19:30:00.000Z,84.0,Moderate
New Delhi-8118,2025-03-03T18:30:00.000Z,70.0,Moderate
New Delhi-8118,2025-03-03T21:30:00.000Z,60.0,Moderate
New Delhi-8118,2025-03-04T01:30:00.000Z,64.0,Moderate
New Delhi-8118,2025-03-04T05:30:00.000Z,58.0,Moderate
New Delhi-8118,2025-03-04T09:30:00.000Z,42.0,Good
New Delhi-8118,2025-03-04T12:30:00.000Z,34.0,Good
New Delhi-8118,2025-03-04T16:30:00.000Z,35.0,Good
New Delhi-8118,2025-03-04T19:30:00.000Z,35.0,Good
New Delhi-8118,2025-03-04T23:30:00.000Z,30.0,Good
New Delhi-8118,2025-03-05T03:30:00.000Z,45.0,Good
New Delhi-8118,2025-03-04T13:30:00.000Z,32.0,Good
New Delhi-8118,2025-03-04T17:30:00.000Z,42.0,Good
New Delhi-8118,2025-03-04T20:30:00.000Z,35.0,Good
New Delhi-8118,2025-03-05T00:30:00.000Z,28.0,Good
New Delhi-8118,2025-03-05T04:30:00.000Z,33.0,Good
New Delhi-8118,2025-03-05T05:30:00.000Z,33.0,Good
New Delhi-8118,2025-03-05T09:30:00.000Z,20.0,Good
New Delhi-8118,2025-03-05T13:30:00.000Z,23.0,Good
New Delhi-8118,2025-03-05T17:30:00.000Z,33.0,Good
New Delhi-8118,2025-03-05T20:30:00.000Z,47.0,Good
New Delhi-8118,2025-03-05T08:30:00.000Z,15.0,Good
New Delhi-8118,2025-03-05T12:30:00.000Z,14.0,Good
New Delhi-8118,2025-03-05T16:30:00.000Z,33.0,Good
New Delhi-8118,2025-03-05T19:30:00.000Z,50.0,Good
New Delhi-8118,2025-03-05T23:30:00.000Z,63.0,Moderate
New Delhi-8118,2025-03-13T02:30:00.000Z,164.0,Unhealthy
New Delhi-8118,2025-03-13T07:30:00.000Z,70.0,Moderate
New Delhi-8118,2025-03-13T12:30:00.000Z,49.0,Good
New Delhi-8118,2025-03-13T16:30:00.000Z,58.0,Moderate
New Delhi-8118,2025-03-13T18:30:00.000Z,61.0,Moderate
New Delhi-8118,2025-03-14T19:30:00.000Z,52.0,Moderate
New Delhi-8118,2025-03-14T23:30:00.000Z,16.0,Good
New Delhi-8118,2025-03-15T03:30:00.000Z,19.0,Good
New Delhi-8118,2025-03-15T07:30:00.000Z,27.0,Good
New Delhi-8118,2025-03-15T11:30:00.000Z,27.0,Good
New Delhi-8118,2025-03-16T08:30:00.000Z,27.0,Good
New Delhi-8118,2025-03-16T12:30:00.000Z,17.0,Good
New Delhi-8118,2025-03-16T16:30:00.000Z,44.0,Good
New Delhi-8118,2025-03-16T19:30:00.000Z,41.0,Good
New Delhi-8118,2025-03-16T23:30:00.000Z,54.0,Moderate
New Delhi-8118,2025-03-16T10:30:00.000Z,20.0,Good
New Delhi-8118,2025-03-16T14:30:00.000Z,24.0,Good
New Delhi-8118,2025-03-16T18:30:00.000Z,43.0,Good
New Delhi-8118,2025-03-16T21:30:00.000Z,48.0,Good
New Delhi-8118,2025-03-17T01:30:00.000Z,97.0,Moderate
New Delhi-8118,2025-03-17T20:30:00.000Z,55.0,Moderate
New Delhi-8118,2025-03-18T00:30:00.000Z,116.0,Unhealthy
New Delhi-8118,2025-03-18T04:30:00.000Z,71.0,Moderate
New Delhi-8118,2025-03-18T08:30:00.000Z,26.0,Good
New Delhi-8118,2025-03-18T12:30:00.000Z,20.0,Good
New Delhi-8118,2025-03-18T16:30:00.000Z,62.0,Moderate
New Delhi-8118,2025-03-18T19:30:00.000Z,83.0,Moderate
New Delhi-8118,2025-03-18T23:30:00.000Z,165.0,Unhealthy
New Delhi-8118,2025-03-19T03:30:00.000Z,78.0,Moderate
New Delhi-8118,2025-03-19T07:30:00.000Z,59.0,Moderate
New Delhi-8118,2025-03-20T00:30:00.000Z,76.0,Moderate
New Delhi-8118,2025-03-20T04:30:00.000Z,87.0,Moderate
New Delhi-8118,2025-03-20T08:30:00.000Z,26.0,Good
New Delhi-8118,2025-03-20T12:30:00.000Z,13.0,Good
New Delhi-8118,2025-03-20T16:30:00.000Z,60.0,Moderate
New Delhi-8118,2025-03-27T13:30:00.000Z,33.0,Good
New Delhi-8118,2025-03-27T21:30:00.000Z,174.0,Unhealthy
New Delhi-8118,2025-03-28T04:30:00.000Z,60.0,Moderate
New Delhi-8118,2025-03-28T08:30:00.000Z,35.0,Good
New Delhi-8118,2025-03-28T12:30:00.000Z,27.0,Good
New Delhi-8118,2025-03-28T13:30:00.000Z,32.0,Good
New Delhi-8118,2025-03-28T17:30:00.000Z,26.0,Good
New Delhi-8118,2025-03-28T01:30:00.000Z,53.0,Moderate
New Delhi-8118,2025-03-28T21:30:00.000Z,46.0,Good
New Delhi-8118,2025-03-29T01:30:00.000Z,48.0,Good
New Delhi-8118,2025-04-02T20:30:00.000Z,90.0,Moderate
New Delhi-8118,2025-04-03T00:30:00.000Z,74.0,Moderate
New Delhi-8118,2025-04-03T04:30:00.000Z,97.0,Moderate
New Delhi-8118,2025-04-03T08:30:00.000Z,22.0,Good
New Delhi-8118,2025-04-03T12:30:00.000Z,30.0,Good
New Delhi-8118,2025-04-02T21:30:00.000Z,88.0,Moderate
New Delhi-8118,2025-04-03T01:30:00.000Z,88.0,Moderate
New Delhi-8118,2025-04-03T05:30:00.000Z,68.0,Moderate
New Delhi-8118,2025-04-03T09:30:00.000Z,17.0,Good
New Delhi-8118,2025-04-03T13:30:00.000Z,30.0,Good
New Delhi-8118,2025-04-04T13:30:00.000Z,31.0,Good
New Delhi-8118,2025-04-04T17:30:00.000Z,48.0,Good
New Delhi-8118,2025-04-04T20:30:00.000Z,43.0,Good
New Delhi-8118,2025-04-05T00:30:00.000Z,81.0,Moderate
New Delhi-8118,2025-04-05T04:30:00.000Z,92.0,Moderate
New Delhi-8118,2025-04-05T06:30:00.000Z,69.0,Moderate
New Delhi-8118,2025-04-05T10:30:00.000Z,31.0,Good
New Delhi-8118,2025-04-05T14:30:00.000Z,33.0,Good
New Delhi-8118,2025-04-05T18:30:00.000Z,99.0,Moderate
New Delhi-8118,2025-04-05T21:30:00.000Z,117.0,Unhealthy
New Delhi-8118,2025-04-05T08:30:00.000Z,40.0,Good
New Delhi-8118,2025-04-05T12:30:00.000Z,25.0,Good
New Delhi-8118,2025-04-05T16:30:00.000Z,67.0,Moderate
New Delhi-8118,2025-04-05T19:30:00.000Z,108.0,Unhealthy
New Delhi-8118,2025-04-05T23:30:00.000Z,174.0,Unhealthy
New Delhi-8118,2025-04-10T18:30:00.000Z,35.0,Good
New Delhi-8118,2025-04-10T21:30:00.000Z,41.0,Good
New Delhi-8118,2025-04-11T01:30:00.000Z,54.0,Moderate
New Delhi-8118,2025-04-11T05:30:00.000Z,64.0,Moderate
New Delhi-8118,2025-04-11T09:30:00.000Z,52.0,Moderate
New Delhi-8118,2025-04-11T10:30:00.000Z,28.0,Good
New Delhi-8118,2025-04-11T14:30:00.000Z,25.0,Good
New Delhi-8118,2025-04-11T18:30:00.000Z,36.0,Good
New Delhi-8118,2025-04-11T21:30:00.000Z,22.0,Good
New Delhi-8118,2025-04-12T01:30:00.000Z,42.0,Good
New Delhi-8118,2025-04-12T20:30:00.000Z,36.0,Good
New Delhi-8118,2025-04-13T00:30:00.000Z,44.0,Good
New Delhi-8118,2025-04-13T04:30:00.000Z,71.0,Moderate
New Delhi-8118,2025-04-13T08:30:00.000Z,57.0,Moderate
New Delhi-8118,2025-04-13T12:30:00.000Z,48.0,Good
New Delhi-8118,2025-04-15T06:30:00.000Z,44.0,Good
New Delhi-8118,2025-04-15T10:30:00.000Z,32.0,Good
New Delhi-8118,2025-04-15T14:30:00.000Z,56.0,Moderate
New Delhi-8118,2025-04-15T18:30:00.000Z,69.0,Moderate
New Delhi-8118,2025-04-15T21:30:00.000Z,69.0,Moderate
New Delhi-8118,2025-04-18T09:30:00.000Z,132.0,Unhealthy
New Delhi-8118,2025-04-18T13:30:00.000Z,84.0,Moderate
New Delhi-8118,2025-04-18T17:30:00.000Z,52.0,Moderate
New Delhi-8118,2025-04-18T20:30:00.000Z,33.0,Good
New Delhi-8118,2025-04-19T00:30:00.000Z,44.0,Good
New Delhi-8118,2025-04-19T06:30:00.000Z,79.0,Moderate
New Delhi-8118,2025-04-19T10:30:00.000Z,63.0,Moderate
New Delhi-8118,2025-04-19T14:30:00.000Z,32.0,Good
New Delhi-8118,2025-04-19T18:30:00.000Z,32.0,Good
New Delhi-8118,2025-04-19T21:30:00.000Z,36.0,Good
New Delhi-8118,2025-04-20T00:30:00.000Z,36.0,Good
New Delhi-8118,2025-04-20T04:30:00.000Z,56.0,Moderate
New Delhi-8118,2025-04-20T08:30:00.000Z,68.0,Moderate
New Delhi-8118,2025-04-20T12:30:00.000Z,52.0,Moderate
New Delhi-8118,2025-04-20T16:30:00.000Z,69.0,Moderate
New Delhi-8118,2025-04-20T01:30:00.000Z,37.0,Good
New Delhi-8118,2025-04-20T05:30:00.000Z,61.0,Moderate
New Delhi-8118,2025-04-20T09:30:00.000Z,59.0,Moderate
New Delhi-8118,2025-04-20T13:30:00.000Z,51.0,Moderate
New Delhi-8118,2025-04-20T17:30:00.000Z,73.0,Moderate
New Delhi-8118,2025-04-20T02:30:00.000Z,44.0,Good
New Delhi-8118,2025-04-20T06:30:00.000Z,69.0,Moderate
New Delhi-8118,2025-04-20T10:30:00.000Z,53.0,Moderate
New Delhi-8118,2025-04-20T14:30:00.000Z,61.0,Moderate
New Delhi-8118,2025-04-20T18:30:00.000Z,80.0,Moderate
New Delhi-8118,2025-04-20T20:30:00.000Z,72.0,Moderate
New Delhi-8118,2025-04-21T00:30:00.000Z,85.0,Moderate
New Delhi-8118,2025-04-21T04:30:00.000Z,85.0,Moderate
New Delhi-8118,2025-04-21T08:30:00.000Z,55.0,Moderate
New Delhi-8118,2025-04-21T12:30:00.000Z,37.0,Good
New Delhi-8118,2025-04-24T01:30:00.000Z,121.0,Unhealthy
New Delhi-8118,2025-04-24T05:30:00.000Z,76.0,Moderate
New Delhi-8118,2025-04-24T09:30:00.000Z,47.0,Good
New Delhi-8118,2025-04-24T13:30:00.000Z,42.0,Good
New Delhi-8118,2025-04-24T17:30:00.000Z,70.0,Moderate
New Delhi-8118,2025-03-01T10:30:00.000Z,57.0,Moderate
New Delhi-8118,2025-03-01T14:30:00.000Z,44.0,Good
New Delhi-8118,2025-03-01T18:30:00.000Z,75.0,Moderate
New Delhi-8118,2025-03-01T21:30:00.000Z,71.0,Moderate
New Delhi-8118,2025-03-02T01:30:00.000Z,50.0,Good
New Delhi-8118,2025-03-01T12:30:00.000Z,42.0,Good
New Delhi-8118,2025-03-01T16:30:00.000Z,62.0,Moderate
New Delhi-8118,2025-03-01T19:30:00.000Z,77.0,Moderate
New Delhi-8118,2025-03-01T23:30:00.000Z,55.0,Moderate
New Delhi-8118,2025-03-02T03:30:00.000Z,57.0,Moderate
New Delhi-8118,2025-03-05T06:30:00.000Z,34.0,Good
New Delhi-8118,2025-03-05T10:30:00.000Z,17.0,Good
New Delhi-8118,2025-03-05T14:30:00.000Z,34.0,Good
New Delhi-8118,2025-03-05T18:30:00.000Z,41.0,Good
New Delhi-8118,2025-03-05T21:30:00.000Z,52.0,Moderate
New Delhi-8118,2025-03-12T06:30:00.000Z,82.0,Moderate
New Delhi-8118,2025-03-12T10:30:00.000Z,29.0,Good
New Delhi-8118,2025-03-12T14:30:00.000Z,50.0,Good
New Delhi-8118,2025-03-12T18:30:00.000Z,71.0,Moderate
New Delhi-8118,2025-03-12T21:30:00.000Z,60.0,Moderate
New Delhi-8118,2025-03-15T16:30:00.000Z,28.0,Good
New Delhi-8118,2025-03-15T19:30:00.000Z,25.0,Good
New Delhi-8118,2025-03-15T23:30:00.000Z,56.0,Moderate
New Delhi-8118,2025-03-16T03:30:00.000Z,91.0,Moderate
New Delhi-8118,2025-03-16T07:30:00.000Z,38.0,Good
New Delhi-8118,2025-03-16T09:30:00.000Z,25.0,Good
New Delhi-8118,2025-03-16T13:30:00.000Z,18.0,Good
New Delhi-8118,2025-03-16T17:30:00.000Z,34.0,Good
New Delhi-8118,2025-03-16T20:30:00.000Z,39.0,Good
New Delhi-8118,2025-03-17T00:30:00.000Z,93.0,Moderate
New Delhi-8118,2025-03-17T19:30:00.000Z,56.0,Moderate
New Delhi-8118,2025-03-17T23:30:00.000Z,94.0,Moderate
New Delhi-8118,2025-03-18T03:30:00.000Z,96.0,Moderate
New Delhi-8118,2025-03-18T07:30:00.000Z,34.0,Good
New Delhi-8118,2025-03-18T11:30:00.000Z,23.0,Good
New Delhi-8118,2025-03-19T08:30:00.000Z,33.0,Good
New Delhi-8118,2025-03-19T12:30:00.000Z,28.0,Good
New Delhi-8118,2025-03-19T16:30:00.000Z,48.0,Good
New Delhi-8118,2025-03-19T19:30:00.000Z,57.0,Moderate
New Delhi-8118,2025-03-19T23:30:00.000Z,63.0,Moderate
New Delhi-8118,2025-04-04T12:30:00.000Z,29.0,Good
New Delhi-8118,2025-04-04T16:30:00.000Z,59.0,Moderate
New Delhi-8118,2025-04-04T19:30:00.000Z,33.0,Good
New Delhi-8118,2025-04-04T23:30:00.000Z,58.0,Moderate
New Delhi-8118,2025-04-05T03:30:00.000Z,107.0,Unhealthy
New Delhi-8118,2025-04-12T04:30:00.000Z,83.0,Moderate
New Delhi-8118,2025-04-12T08:30:00.000Z,59.0,Moderate
New Delhi-8118,2025-04-12T12:30:00.000Z,42.0,Good
New Delhi-8118,2025-04-12T16:30:00.000Z,67.0,Moderate
New Delhi-8118,2025-04-12T19:30:00.000Z,30.0,Good
New Delhi-8118,2025-04-17T13:30:00.000Z,60.0,Moderate
New Delhi-8118,2025-04-17T17:30:00.000Z,90.0,Moderate
New Delhi-8118,2025-04-17T20:30:00.000Z,58.0,Moderate
New Delhi-8118,2025-04-18T00:30:00.000Z,64.0,Moderate
New Delhi-8118,2025-04-18T04:30:00.000Z,291.0,Unhealthy
New Delhi-8118,2025-04-24T00:30:00.000Z,112.0,Unhealthy
New Delhi-8118,2025-04-24T04:30:00.000Z,88.0,Moderate
New Delhi-8118,2025-04-24T08:30:00.000Z,48.0,Good
New Delhi-8118,2025-04-24T12:30:00.000Z,40.0,Good
New Delhi-8118,2025-04-24T16:30:00.000Z,80.0,Moderate
New Delhi-8118,2025-03-06T01:30:00.000Z,51.0,Moderate
New Delhi-8118,2025-03-06T05:30:00.000Z,51.0,Moderate
New Delhi-8118,2025-03-06T09:30:00.000Z,19.0,Good
New Delhi-8118,2025-03-06T14:30:00.000Z,43.0,Good
New Delhi-8118,2025-03-06T11:30:00.000Z,17.0,Good
New Delhi-8118,2025-03-06T02:30:00.000Z,52.0,Moderate
New Delhi-8118,2025-03-06T06:30:00.000Z,40.0,Good
New Delhi-8118,2025-03-06T10:30:00.000Z,18.0,Good
New Delhi-8118,2025-03-06T16:30:00.000Z,61.0,Moderate
New Delhi-8118,2025-03-06T15:30:00.000Z,57.0,Moderate
New Delhi-8118,2025-03-22T10:30:00.000Z,25.0,Good
New Delhi-8118,2025-03-22T14:30:00.000Z,42.0,Good
New Delhi-8118,2025-03-22T18:30:00.000Z,73.0,Moderate
New Delhi-8118,2025-03-22T21:30:00.000Z,80.0,Moderate
New Delhi-8118,2025-03-23T01:30:00.000Z,95.0,Moderate
New Delhi-8118,2025-04-02T22:30:00.000Z,80.0,Moderate
New Delhi-8118,2025-04-03T02:30:00.000Z,92.0,Moderate
New Delhi-8118,2025-04-03T06:30:00.000Z,40.0,Good
New Delhi-8118,2025-04-03T10:30:00.000Z,13.0,Good
New Delhi-8118,2025-04-03T14:30:00.000Z,59.0,Moderate
New Delhi-8118,2025-04-15T08:30:00.000Z,36.0,Good
New Delhi-8118,2025-04-15T12:30:00.000Z,41.0,Good
New Delhi-8118,2025-04-15T16:30:00.000Z,68.0,Moderate
New Delhi-8118,2025-04-15T19:30:00.000Z,71.0,Moderate
New Delhi-8118,2025-04-15T23:30:00.000Z,69.0,Moderate
New Delhi-8118,2025-04-21T14:30:00.000Z,47.0,Good
New Delhi-8118,2025-04-21T18:30:00.000Z,78.0,Moderate
New Delhi-8118,2025-04-21T21:30:00.000Z,84.0,Moderate
New Delhi-8118,2025-04-22T01:30:00.000Z,69.0,Moderate
New Delhi-8118,2025-04-22T06:30:00.000Z,71.0,Moderate
New Delhi-8118,2025-03-23T05:30:00.000Z,52.0,Moderate
New Delhi-8118,2025-03-23T09:30:00.000Z,43.0,Good
New Delhi-8118,2025-03-23T13:30:00.000Z,34.0,Good
New Delhi-8118,2025-03-23T17:30:00.000Z,77.0,Moderate
New Delhi-8118,2025-03-23T20:30:00.000Z,90.0,Moderate
New Delhi-8118,2025-03-23T06:30:00.000Z,35.0,Good
New Delhi-8118,2025-03-23T10:30:00.000Z,40.0,Good
New Delhi-8118,2025-03-23T14:30:00.000Z,49.0,Good
New Delhi-8118,2025-03-23T18:30:00.000Z,78.0,Moderate
New Delhi-8118,2025-03-23T21:30:00.000Z,94.0,Moderate
US Diplomatic Post: New Delhi-8118,2025-02-28T15:30:00.000Z,56.0,Moderate
New Delhi-8118,2025-02-28T22:30:00.000Z,58.0,Moderate
New Delhi-8118,2025-03-01T02:30:00.000Z,51.0,Moderate
New Delhi-8118,2025-03-01T06:30:00.000Z,69.0,Moderate
New Delhi-8118,2025-03-10T22:30:00.000Z,119.0,Unhealthy
New Delhi-8118,2025-03-11T02:30:00.000Z,147.0,Unhealthy
New Delhi-8118,2025-03-11T07:30:00.000Z,61.0,Moderate
New Delhi-8118,2025-03-11T11:30:00.000Z,46.0,Good
New Delhi-8118,2025-03-25T11:30:00.000Z,30.0,Good
New Delhi-8118,2025-03-25T15:30:00.000Z,62.0,Moderate
New Delhi-8118,2025-03-25T22:30:00.000Z,134.0,Unhealthy
New Delhi-8118,2025-03-26T02:30:00.000Z,162.0,Unhealthy
New Delhi-8118,2025-04-07T22:30:00.000Z,107.0,Unhealthy
New Delhi-8118,2025-04-08T02:30:00.000Z,120.0,Unhealthy
New Delhi-8118,2025-04-08T06:30:00.000Z,88.0,Moderate
New Delhi-8118,2025-04-08T10:30:00.000Z,64.0,Moderate
New Delhi-8118,2025-03-08T11:30:00.000Z,27.0,Good
New Delhi-8118,2025-03-08T15:30:00.000Z,77.0,Moderate
New Delhi-8118,2025-03-09T00:30:00.000Z,100.0,Moderate
New Delhi-8118,2025-03-09T04:30:00.000Z,138.0,Unhealthy
New Delhi-8118,2025-03-18T15:30:00.000Z,53.0,Moderate
New Delhi-8118,2025-03-18T22:30:00.000Z,148.0,Unhealthy
New Delhi-8118,2025-03-19T02:30:00.000Z,121.0,Unhealthy
New Delhi-8118,2025-03-19T06:30:00.000Z,85.0,Moderate
New Delhi-8118,2025-03-20T22:30:00.000Z,77.0,Moderate
New Delhi-8118,2025-03-21T03:30:00.000Z,128.0,Unhealthy
New Delhi-8118,2025-03-21T09:30:00.000Z,15.0,Good
New Delhi-8118,2025-03-21T13:30:00.000Z,24.0,Good
New Delhi-8118,2025-04-09T07:30:00.000Z,98.0,Moderate
New Delhi-8118,2025-04-09T11:30:00.000Z,71.0,Moderate
New Delhi-8118,2025-04-09T15:30:00.000Z,107.0,Unhealthy
New Delhi-8118,2025-04-09T22:30:00.000Z,73.0,Moderate
New Delhi-8118,2025-04-24T22:30:00.000Z,88.0,Moderate
New Delhi-8118,2025-04-25T02:30:00.000Z,94.0,Moderate
New Delhi-8118,2025-04-25T06:30:00.000Z,127.0,Unhealthy
New Delhi-8118,2025-04-25T10:30:00.000Z,64.0,Moderate
New Delhi-8118,2025-04-26T07:30:00.000Z,35.0,Good
New Delhi-8118,2025-04-26T11:30:00.000Z,146.0,Unhealthy
New Delhi-8118,2025-04-26T15:30:00.000Z,104.0,Unhealthy
New Delhi-8118,2025-04-26T22:30:00.000Z,55.0,Moderate
New Delhi-8118,2025-03-01T11:30:00.000Z,61.0,Moderate
New Delhi-8118,2025-03-01T15:30:00.000Z,54.0,Moderate
New Delhi-8118,2025-03-01T22:30:00.000Z,60.0,Moderate
New Delhi-8118,2025-03-02T02:30:00.000Z,45.0,Good
New Delhi-8118,2025-03-04T11:30:00.000Z,33.0,Good
New Delhi-8118,2025-03-04T15:30:00.000Z,36.0,Good
New Delhi-8118,2025-03-04T22:30:00.000Z,39.0,Good
New Delhi-8118,2025-03-05T02:30:00.000Z,48.0,Good
New Delhi-8118,2025-03-09T05:30:00.000Z,86.0,Moderate
New Delhi-8118,2025-03-09T09:30:00.000Z,45.0,Good
New Delhi-8118,2025-03-09T14:30:00.000Z,62.0,Moderate
New Delhi-8118,2025-03-08T19:30:00.000Z,90.0,Moderate
New Delhi-8118,2025-03-13T04:30:00.000Z,137.0,Unhealthy
New Delhi-8118,2025-03-13T08:30:00.000Z,62.0,Moderate
New Delhi-8118,2025-03-13T13:30:00.000Z,75.0,Moderate
New Delhi-8118,2025-03-13T17:30:00.000Z,57.0,Moderate
New Delhi-8118,2025-03-17T22:30:00.000Z,91.0,Moderate
New Delhi-8118,2025-03-18T02:30:00.000Z,100.0,Moderate
New Delhi-8118,2025-03-18T06:30:00.000Z,53.0,Moderate
New Delhi-8118,2025-03-18T10:30:00.000Z,22.0,Good
New Delhi-8118,2025-03-21T18:30:00.000Z,54.0,Moderate
New Delhi-8118,2025-03-21T22:30:00.000Z,108.0,Unhealthy
New Delhi-8118,2025-03-22T02:30:00.000Z,76.0,Moderate
New Delhi-8118,2025-03-22T06:30:00.000Z,53.0,Moderate
New Delhi-8118,2025-03-22T11:30:00.000Z,23.0,Good
New Delhi-8118,2025-03-22T15:30:00.000Z,60.0,Moderate
New Delhi-8118,2025-03-22T22:30:00.000Z,73.0,Moderate
New Delhi-8118,2025-03-23T02:30:00.000Z,95.0,Moderate
New Delhi-8118,2025-03-23T07:30:00.000Z,32.0,Good
New Delhi-8118,2025-03-23T11:30:00.000Z,34.0,Good
New Delhi-8118,2025-03-23T15:30:00.000Z,62.0,Moderate
New Delhi-8118,2025-03-23T22:30:00.000Z,108.0,Unhealthy
New Delhi-8118,2025-03-26T03:30:00.000Z,150.0,Unhealthy
New Delhi-8118,2025-03-26T07:30:00.000Z,36.0,Good
New Delhi-8118,2025-03-26T11:30:00.000Z,20.0,Good
New Delhi-8118,2025-03-26T15:30:00.000Z,74.0,Moderate
New Delhi-8118,2025-03-28T14:30:00.000Z,36.0,Good
New Delhi-8118,2025-03-28T18:30:00.000Z,24.0,Good
New Delhi-8118,2025-03-28T22:30:00.000Z,49.0,Good
New Delhi-8118,2025-03-29T02:30:00.000Z,61.0,Moderate
New Delhi-8118,2025-03-29T07:30:00.000Z,27.0,Good
New Delhi-8118,2025-03-29T11:30:00.000Z,13.0,Good
New Delhi-8118,2025-03-29T15:30:00.000Z,38.0,Good
New Delhi-8118,2025-03-29T22:30:00.000Z,55.0,Moderate
New Delhi-8118,2025-04-02T03:30:00.000Z,174.0,Unhealthy
New Delhi-8118,2025-04-02T07:30:00.000Z,56.0,Moderate
New Delhi-8118,2025-04-02T11:30:00.000Z,28.0,Good
New Delhi-8118,2025-04-02T15:30:00.000Z,55.0,Moderate
New Delhi-8118,2025-04-16T22:30:00.000Z,72.0,Moderate
New Delhi-8118,2025-04-17T02:30:00.000Z,60.0,Moderate
New Delhi-8118,2025-04-17T06:30:00.000Z,54.0,Moderate
New Delhi-8118,2025-04-17T10:30:00.000Z,49.0,Good
New Delhi-8118,2025-04-18T11:30:00.000Z,65.0,Moderate
New Delhi-8118,2025-04-18T15:30:00.000Z,90.0,Moderate
New Delhi-8118,2025-04-18T22:30:00.000Z,29.0,Good
New Delhi-8118,2025-04-19T02:30:00.000Z,60.0,Moderate
New Delhi-8118,2025-04-20T22:30:00.000Z,84.0,Moderate
New Delhi-8118,2025-04-21T02:30:00.000Z,99.0,Moderate
New Delhi-8118,2025-04-21T06:30:00.000Z,72.0,Moderate
New Delhi-8118,2025-04-21T10:30:00.000Z,43.0,Good
New Delhi-8118,2025-03-02T07:30:00.000Z,20.0,Good
New Delhi-8118,2025-03-02T11:30:00.000Z,20.0,Good
New Delhi-8118,2025-03-02T15:30:00.000Z,39.0,Good
New Delhi-8118,2025-03-02T22:30:00.000Z,67.0,Moderate
New Delhi-8118,2025-03-03T22:30:00.000Z,47.0,Good
New Delhi-8118,2025-03-04T02:30:00.000Z,68.0,Moderate
New Delhi-8118,2025-03-04T06:30:00.000Z,52.0,Moderate
New Delhi-8118,2025-03-04T10:30:00.000Z,33.0,Good
New Delhi-8118,2025-03-05T07:30:00.000Z,30.0,Good
New Delhi-8118,2025-03-05T11:30:00.000Z,16.0,Good
New Delhi-8118,2025-03-05T15:30:00.000Z,28.0,Good
New Delhi-8118,2025-03-05T22:30:00.000Z,59.0,Moderate
New Delhi-8118,2025-04-04T11:30:00.000Z,24.0,Good
New Delhi-8118,2025-04-04T15:30:00.000Z,56.0,Moderate
New Delhi-8118,2025-04-04T22:30:00.000Z,41.0,Good
New Delhi-8118,2025-04-05T02:30:00.000Z,158.0,Unhealthy
New Delhi-8118,2025-04-05T07:30:00.000Z,48.0,Good
New Delhi-8118,2025-04-05T11:30:00.000Z,25.0,Good
New Delhi-8118,2025-04-05T15:30:00.000Z,56.0,Moderate
New Delhi-8118,2025-04-05T22:30:00.000Z,147.0,Unhealthy
New Delhi-8118,2025-04-11T11:30:00.000Z,47.0,Good
New Delhi-8118,2025-04-11T15:30:00.000Z,15.0,Good
New Delhi-8118,2025-04-11T22:30:00.000Z,25.0,Good
New Delhi-8118,2025-04-12T02:30:00.000Z,45.0,Good
New Delhi-8118,2025-04-12T03:30:00.000Z,52.0,Moderate
New Delhi-8118,2025-04-12T07:30:00.000Z,56.0,Moderate
New Delhi-8118,2025-04-12T11:30:00.000Z,47.0,Good
New Delhi-8118,2025-04-12T15:30:00.000Z,56.0,Moderate
New Delhi-8118,2025-04-15T07:30:00.000Z,35.0,Good
New Delhi-8118,2025-04-15T11:30:00.000Z,38.0,Good
New Delhi-8118,2025-04-15T15:30:00.000Z,70.0,Moderate
New Delhi-8118,2025-04-15T22:30:00.000Z,71.0,Moderate
New Delhi-8118,2025-04-19T07:30:00.000Z,76.0,Moderate
New Delhi-8118,2025-04-19T11:30:00.000Z,59.0,Moderate
New Delhi-8118,2025-04-19T15:30:00.000Z,43.0,Good
New Delhi-8118,2025-04-19T22:30:00.000Z,31.0,Good
New Delhi-8118,2025-03-12T07:30:00.000Z,66.0,Moderate
New Delhi-8118,2025-03-12T11:30:00.000Z,34.0,Good
New Delhi-8118,2025-03-12T15:30:00.000Z,66.0,Moderate
New Delhi-8118,2025-03-12T22:30:00.000Z,60.0,Moderate
New Delhi-8118,2025-03-15T15:30:00.000Z,27.0,Good
New Delhi-8118,2025-03-15T22:30:00.000Z,51.0,Moderate
New Delhi-8118,2025-03-16T02:30:00.000Z,86.0,Moderate
New Delhi-8118,2025-03-16T06:30:00.000Z,34.0,Good
New Delhi-8118,2025-04-17T15:30:00.000Z,79.0,Moderate
New Delhi-8118,2025-04-17T22:30:00.000Z,61.0,Moderate
New Delhi-8118,2025-04-18T02:30:00.000Z,75.0,Moderate
New Delhi-8118,2025-04-18T06:30:00.000Z,90.0,Moderate
US Diplomatic Post: New Delhi-8118,2025-02-28T18:30:00.000Z,51.0,Moderate
New Delhi-8118,2025-02-28T21:30:00.000Z,59.0,Moderate
New Delhi-8118,2025-03-01T01:30:00.000Z,46.0,Good
New Delhi-8118,2025-03-01T05:30:00.000Z,56.0,Moderate
New Delhi-8118,2025-04-25T16:30:00.000Z,80.0,Moderate
New Delhi-8118,2025-04-25T19:30:00.000Z,110.0,Unhealthy
New Delhi-8118,2025-04-25T23:30:00.000Z,135.0,Unhealthy
New Delhi-8118,2025-04-26T03:30:00.000Z,183.0,Unhealthy
New Delhi-8118,2025-03-11T17:30:00.000Z,119.0,Unhealthy
New Delhi-8118,2025-03-11T19:30:00.000Z,119.0,Unhealthy
New Delhi-8118,2025-03-11T23:30:00.000Z,163.0,Unhealthy
New Delhi-8118,2025-03-12T03:30:00.000Z,214.0,Unhealthy
New Delhi-8118,2025-03-24T16:30:00.000Z,76.0,Moderate
New Delhi-8118,2025-03-24T21:30:00.000Z,120.0,Unhealthy
New Delhi-8118,2025-03-25T01:30:00.000Z,138.0,Unhealthy
New Delhi-8118,2025-03-25T05:30:00.000Z,106.0,Unhealthy
New Delhi-8118,2025-04-24T21:30:00.000Z,80.0,Moderate
New Delhi-8118,2025-04-25T01:30:00.000Z,112.0,Unhealthy
New Delhi-8118,2025-04-25T05:30:00.000Z,164.0,Unhealthy
New Delhi-8118,2025-04-25T09:30:00.000Z,54.0,Moderate
New Delhi-8118,2025-03-08T12:30:00.000Z,41.0,Good
New Delhi-8118,2025-03-08T16:30:00.000Z,72.0,Moderate
New Delhi-8118,2025-03-08T21:30:00.000Z,88.0,Moderate
New Delhi-8118,2025-03-09T01:30:00.000Z,118.0,Unhealthy
New Delhi-8118,2025-03-24T01:30:00.000Z,104.0,Unhealthy
New Delhi-8118,2025-03-24T06:30:00.000Z,36.0,Good
New Delhi-8118,2025-03-24T10:30:00.000Z,18.0,Good
New Delhi-8118,2025-03-24T14:30:00.000Z,60.0,Moderate
New Delhi-8118,2025-03-31T03:30:00.000Z,170.0,Unhealthy
New Delhi-8118,2025-03-31T08:30:00.000Z,21.0,Good
New Delhi-8118,2025-03-31T12:30:00.000Z,29.0,Good
New Delhi-8118,2025-03-31T16:30:00.000Z,50.0,Good
New Delhi-8118,2025-03-31T19:30:00.000Z,58.0,Moderate
New Delhi-8118,2025-03-31T23:30:00.000Z,80.0,Moderate
New Delhi-8118,2025-04-01T03:30:00.000Z,136.0,Unhealthy
New Delhi-8118,2025-04-01T07:30:00.000Z,25.0,Good
New Delhi-8118,2025-04-04T14:30:00.000Z,44.0,Good
New Delhi-8118,2025-04-04T18:30:00.000Z,45.0,Good
New Delhi-8118,2025-04-04T21:30:00.000Z,41.0,Good
New Delhi-8118,2025-04-05T01:30:00.000Z,143.0,Unhealthy
New Delhi-8118,2025-04-08T16:30:00.000Z,105.0,Unhealthy
New Delhi-8118,2025-04-08T19:30:00.000Z,94.0,Moderate
New Delhi-8118,2025-04-08T23:30:00.000Z,96.0,Moderate
New Delhi-8118,2025-04-09T03:30:00.000Z,109.0,Unhealthy
New Delhi-8118,2025-04-11T13:30:00.000Z,109.0,Unhealthy
New Delhi-8118,2025-04-11T17:30:00.000Z,27.0,Good
New Delhi-8118,2025-04-11T20:30:00.000Z,30.0,Good
New Delhi-8118,2025-04-12T00:30:00.000Z,43.0,Good
New Delhi-8118,2025-04-13T17:30:00.000Z,79.0,Moderate
New Delhi-8118,2025-04-13T20:30:00.000Z,83.0,Moderate
New Delhi-8118,2025-04-14T00:30:00.000Z,109.0,Unhealthy
New Delhi-8118,2025-04-14T04:30:00.000Z,96.0,Moderate
New Delhi-8118,2025-04-26T08:30:00.000Z,31.0,Good
New Delhi-8118,2025-04-26T12:30:00.000Z,213.0,Unhealthy
New Delhi-8118,2025-04-26T16:30:00.000Z,98.0,Moderate
New Delhi-8118,2025-04-26T19:30:00.000Z,83.0,Moderate
New Delhi-8118,2025-03-08T13:30:00.000Z,36.0,Good
New Delhi-8118,2025-03-08T17:30:00.000Z,63.0,Moderate
New Delhi-8118,2025-03-08T22:30:00.000Z,86.0,Moderate
New Delhi-8118,2025-03-09T02:30:00.000Z,117.0,Unhealthy
New Delhi-8118,2025-03-15T18:30:00.000Z,26.0,Good
New Delhi-8118,2025-03-15T20:30:00.000Z,78.0,Moderate
New Delhi-8118,2025-03-16T00:30:00.000Z,67.0,Moderate
New Delhi-8118,2025-03-16T04:30:00.000Z,64.0,Moderate
New Delhi-8118,2025-03-15T17:30:00.000Z,29.0,Good
New Delhi-8118,2025-03-15T21:30:00.000Z,69.0,Moderate
New Delhi-8118,2025-03-16T01:30:00.000Z,69.0,Moderate
New Delhi-8118,2025-03-16T05:30:00.000Z,66.0,Moderate
New Delhi-8118,2025-03-17T04:30:00.000Z,75.0,Moderate
New Delhi-8118,2025-03-17T08:30:00.000Z,38.0,Good
New Delhi-8118,2025-03-17T12:30:00.000Z,33.0,Good
New Delhi-8118,2025-03-17T16:30:00.000Z,45.0,Good
New Delhi-8118,2025-03-17T05:30:00.000Z,45.0,Good
New Delhi-8118,2025-03-17T09:30:00.000Z,35.0,Good
New Delhi-8118,2025-03-17T13:30:00.000Z,32.0,Good
New Delhi-8118,2025-03-17T17:30:00.000Z,56.0,Moderate
New Delhi-8118,2025-03-19T09:30:00.000Z,24.0,Good
New Delhi-8118,2025-03-19T13:30:00.000Z,29.0,Good
New Delhi-8118,2025-03-19T17:30:00.000Z,50.0,Good
New Delhi-8118,2025-03-19T20:30:00.000Z,61.0,Moderate
New Delhi-8118,2025-03-19T10:30:00.000Z,19.0,Good
New Delhi-8118,2025-03-19T14:30:00.000Z,50.0,Good
New Delhi-8118,2025-03-19T18:30:00.000Z,58.0,Moderate
New Delhi-8118,2025-03-19T21:30:00.000Z,52.0,Moderate
New Delhi-8118,2025-03-20T03:30:00.000Z,122.0,Unhealthy
New Delhi-8118,2025-03-20T07:30:00.000Z,36.0,Good
New Delhi-8118,2025-03-20T11:30:00.000Z,16.0,Good
New Delhi-8118,2025-03-20T15:30:00.000Z,45.0,Good
New Delhi-8118,2025-03-20T20:30:00.000Z,68.0,Moderate
New Delhi-8118,2025-03-21T00:30:00.000Z,180.0,Unhealthy
New Delhi-8118,2025-03-21T06:30:00.000Z,51.0,Moderate
New Delhi-8118,2025-03-21T11:30:00.000Z,18.0,Good
New Delhi-8118,2025-03-20T21:30:00.000Z,73.0,Moderate
New Delhi-8118,2025-03-21T01:30:00.000Z,161.0,Unhealthy
New Delhi-8118,2025-03-21T07:30:00.000Z,28.0,Good
New Delhi-8118,2025-03-21T12:30:00.000Z,20.0,Good
New Delhi-8118,2025-03-23T08:30:00.000Z,37.0,Good
New Delhi-8118,2025-03-23T12:30:00.000Z,33.0,Good
New Delhi-8118,2025-03-23T16:30:00.000Z,73.0,Moderate
New Delhi-8118,2025-03-23T19:30:00.000Z,85.0,Moderate
New Delhi-8118,2025-03-25T12:30:00.000Z,35.0,Good
New Delhi-8118,2025-03-25T16:30:00.000Z,82.0,Moderate
New Delhi-8118,2025-03-25T19:30:00.000Z,120.0,Unhealthy
New Delhi-8118,2025-03-25T23:30:00.000Z,140.0,Unhealthy
New Delhi-8118,2025-03-28T16:30:00.000Z,30.0,Good
New Delhi-8118,2025-03-28T00:30:00.000Z,44.0,Good
New Delhi-8118,2025-03-28T20:30:00.000Z,41.0,Good
New Delhi-8118,2025-03-29T00:30:00.000Z,37.0,Good
New Delhi-8118,2025-03-31T01:30:00.000Z,163.0,Unhealthy
New Delhi-8118,2025-03-31T07:30:00.000Z,35.0,Good
New Delhi-8118,2025-03-31T11:30:00.000Z,8.0,Good
New Delhi-8118,2025-03-31T15:30:00.000Z,41.0,Good
New Delhi-8118,2025-04-01T12:30:00.000Z,23.0,Good
New Delhi-8118,2025-04-01T16:30:00.000Z,65.0,Moderate
New Delhi-8118,2025-04-01T19:30:00.000Z,110.0,Unhealthy
New Delhi-8118,2025-04-01T23:30:00.000Z,107.0,Unhealthy
New Delhi-8118,2025-04-09T09:30:00.000Z,76.0,Moderate
New Delhi-8118,2025-04-09T13:30:00.000Z,83.0,Moderate
New Delhi-8118,2025-04-09T17:30:00.000Z,115.0,Unhealthy
New Delhi-8118,2025-04-09T20:30:00.000Z,84.0,Moderate
New Delhi-8118,2025-04-10T02:30:00.000Z,148.0,Unhealthy
New Delhi-8118,2025-04-10T06:30:00.000Z,50.0,Good
New Delhi-8118,2025-04-10T10:30:00.000Z,58.0,Moderate
New Delhi-8118,2025-04-10T14:30:00.000Z,35.0,Good
New Delhi-8118,2025-04-10T03:30:00.000Z,96.0,Moderate
New Delhi-8118,2025-04-10T07:30:00.000Z,58.0,Moderate
New Delhi-8118,2025-04-10T11:30:00.000Z,56.0,Moderate
New Delhi-8118,2025-04-10T15:30:00.000Z,26.0,Good
New Delhi-8118,2025-04-12T06:30:00.000Z,67.0,Moderate
New Delhi-8118,2025-04-12T10:30:00.000Z,46.0,Good
New Delhi-8118,2025-04-12T14:30:00.000Z,54.0,Moderate
New Delhi-8118,2025-04-12T18:30:00.000Z,53.0,Moderate
New Delhi-8118,2025-04-12T22:30:00.000Z,38.0,Good
New Delhi-8118,2025-04-13T02:30:00.000Z,63.0,Moderate
New Delhi-8118,2025-04-13T06:30:00.000Z,60.0,Moderate
New Delhi-8118,2025-04-13T10:30:00.000Z,43.0,Good
New Delhi-8118,2025-04-12T23:30:00.000Z,41.0,Good
New Delhi-8118,2025-04-13T03:30:00.000Z,60.0,Moderate
New Delhi-8118,2025-04-13T07:30:00.000Z,39.0,Good
New Delhi-8118,2025-04-13T11:30:00.000Z,51.0,Moderate
New Delhi-8118,2025-04-13T16:30:00.000Z,78.0,Moderate
New Delhi-8118,2025-04-13T19:30:00.000Z,74.0,Moderate
New Delhi-8118,2025-04-13T23:30:00.000Z,87.0,Moderate
New Delhi-8118,2025-04-14T03:30:00.000Z,99.0,Moderate
New Delhi-8118,2025-04-16T03:30:00.000Z,94.0,Moderate
New Delhi-8118,2025-04-16T07:30:00.000Z,132.0,Unhealthy
New Delhi-8118,2025-04-16T11:30:00.000Z,69.0,Moderate
New Delhi-8118,2025-04-16T15:30:00.000Z,77.0,Moderate
New Delhi-8118,2025-04-20T03:30:00.000Z,46.0,Good
New Delhi-8118,2025-04-20T07:30:00.000Z,73.0,Moderate
New Delhi-8118,2025-04-20T11:30:00.000Z,56.0,Moderate
New Delhi-8118,2025-04-20T15:30:00.000Z,65.0,Moderate
New Delhi-8118,2025-04-26T09:30:00.000Z,47.0,Good
New Delhi-8118,2025-04-26T13:30:00.000Z,104.0,Unhealthy
New Delhi-8118,2025-04-26T17:30:00.000Z,97.0,Moderate
New Delhi-8118,2025-04-26T20:30:00.000Z,59.0,Moderate
New Delhi-8118,2025-04-27T02:30:00.000Z,128.0,Unhealthy
New Delhi-8118,2025-04-27T06:30:00.000Z,109.0,Unhealthy
New Delhi-8118,2025-04-27T10:30:00.000Z,57.0,Moderate
New Delhi-8118,2025-04-27T14:30:00.000Z,63.0,Moderate
New Delhi-8118,2025-03-03T02:30:00.000Z,65.0,Moderate
New Delhi-8118,2025-03-03T06:30:00.000Z,52.0,Moderate
New Delhi-8118,2025-03-03T10:30:00.000Z,41.0,Good
New Delhi-8118,2025-03-03T14:30:00.000Z,50.0,Good
New Delhi-8118,2025-03-03T19:30:00.000Z,76.0,Moderate
New Delhi-8118,2025-03-03T23:30:00.000Z,50.0,Good
New Delhi-8118,2025-03-04T03:30:00.000Z,67.0,Moderate
New Delhi-8118,2025-03-04T07:30:00.000Z,47.0,Good
New Delhi-8118,2025-03-03T20:30:00.000Z,82.0,Moderate
New Delhi-8118,2025-03-04T00:30:00.000Z,59.0,Moderate
New Delhi-8118,2025-03-04T04:30:00.000Z,56.0,Moderate
New Delhi-8118,2025-03-04T08:30:00.000Z,46.0,Good
New Delhi-8118,2025-03-04T14:30:00.000Z,28.0,Good
New Delhi-8118,2025-03-04T18:30:00.000Z,35.0,Good
New Delhi-8118,2025-03-04T21:30:00.000Z,35.0,Good
New Delhi-8118,2025-03-05T01:30:00.000Z,34.0,Good
New Delhi-8118,2025-03-06T03:30:00.000Z,68.0,Moderate
New Delhi-8118,2025-03-06T07:30:00.000Z,37.0,Good
New Delhi-8118,2025-03-06T12:30:00.000Z,10.0,Good
New Delhi-8118,2025-03-06T17:30:00.000Z,76.0,Moderate
New Delhi-8118,2025-03-09T07:30:00.000Z,61.0,Moderate
New Delhi-8118,2025-03-09T12:30:00.000Z,48.0,Good
New Delhi-8118,2025-03-09T16:30:00.000Z,79.0,Moderate
New Delhi-8118,2025-03-08T20:30:00.000Z,93.0,Moderate
New Delhi-8118,2025-03-09T08:30:00.000Z,51.0,Moderate
New Delhi-8118,2025-03-09T13:30:00.000Z,56.0,Moderate
New Delhi-8118,2025-03-09T17:30:00.000Z,88.0,Moderate
New Delhi-8118,2025-03-09T10:30:00.000Z,40.0,Good
New Delhi-8118,2025-03-12T09:30:00.000Z,29.0,Good
New Delhi-8118,2025-03-12T13:30:00.000Z,42.0,Good
New Delhi-8118,2025-03-12T17:30:00.000Z,81.0,Moderate
New Delhi-8118,2025-03-12T20:30:00.000Z,60.0,Moderate
New Delhi-8118,2025-03-17T03:30:00.000Z,110.0,Unhealthy
New Delhi-8118,2025-03-17T07:30:00.000Z,40.0,Good
New Delhi-8118,2025-03-17T11:30:00.000Z,27.0,Good
New Delhi-8118,2025-03-17T15:30:00.000Z,40.0,Good
New Delhi-8118,2025-03-18T17:30:00.000Z,82.0,Moderate
New Delhi-8118,2025-03-18T20:30:00.000Z,101.0,Unhealthy
New Delhi-8118,2025-03-19T00:30:00.000Z,142.0,Unhealthy
New Delhi-8118,2025-03-19T04:30:00.000Z,72.0,Moderate
New Delhi-8118,2025-03-24T00:30:00.000Z,93.0,Moderate
New Delhi-8118,2025-03-24T05:30:00.000Z,37.0,Good
New Delhi-8118,2025-03-24T09:30:00.000Z,32.0,Good
New Delhi-8118,2025-03-24T13:30:00.000Z,39.0,Good
New Delhi-8118,2025-03-24T02:30:00.000Z,113.0,Unhealthy
New Delhi-8118,2025-03-24T07:30:00.000Z,30.0,Good
New Delhi-8118,2025-03-24T11:30:00.000Z,21.0,Good
New Delhi-8118,2025-03-24T15:30:00.000Z,72.0,Moderate
New Delhi-8118,2025-03-26T05:30:00.000Z,43.0,Good
New Delhi-8118,2025-03-26T09:30:00.000Z,29.0,Good
New Delhi-8118,2025-03-26T13:30:00.000Z,44.0,Good
New Delhi-8118,2025-03-26T17:30:00.000Z,71.0,Moderate
New Delhi-8118,2025-03-31T04:30:00.000Z,154.0,Unhealthy
New Delhi-8118,2025-03-31T09:30:00.000Z,16.0,Good
New Delhi-8118,2025-03-31T13:30:00.000Z,13.0,Good
New Delhi-8118,2025-03-31T17:30:00.000Z,44.0,Good
New Delhi-8118,2025-03-31T06:30:00.000Z,82.0,Moderate
New Delhi-8118,2025-03-31T21:30:00.000Z,63.0,Moderate
New Delhi-8118,2025-04-01T01:30:00.000Z,167.0,Unhealthy
New Delhi-8118,2025-04-01T05:30:00.000Z,98.0,Moderate
New Delhi-8118,2025-04-02T05:30:00.000Z,110.0,Unhealthy
New Delhi-8118,2025-04-02T09:30:00.000Z,29.0,Good
New Delhi-8118,2025-04-02T13:30:00.000Z,42.0,Good
New Delhi-8118,2025-04-02T17:30:00.000Z,69.0,Moderate
New Delhi-8118,2025-04-02T23:30:00.000Z,74.0,Moderate
New Delhi-8118,2025-04-03T03:30:00.000Z,103.0,Unhealthy
New Delhi-8118,2025-04-03T07:30:00.000Z,33.0,Good
New Delhi-8118,2025-04-03T11:30:00.000Z,22.0,Good
New Delhi-8118,2025-04-10T19:30:00.000Z,48.0,Good
New Delhi-8118,2025-04-10T23:30:00.000Z,40.0,Good
New Delhi-8118,2025-04-11T03:30:00.000Z,49.0,Good
New Delhi-8118,2025-04-11T07:30:00.000Z,63.0,Moderate
New Delhi-8118,2025-04-16T20:30:00.000Z,76.0,Moderate
New Delhi-8118,2025-04-17T00:30:00.000Z,69.0,Moderate
New Delhi-8118,2025-04-17T04:30:00.000Z,61.0,Moderate
New Delhi-8118,2025-04-17T08:30:00.000Z,46.0,Good
New Delhi-8118,2025-04-16T21:30:00.000Z,71.0,Moderate
New Delhi-8118,2025-04-17T01:30:00.000Z,60.0,Moderate
New Delhi-8118,2025-04-17T05:30:00.000Z,65.0,Moderate
New Delhi-8118,2025-04-17T09:30:00.000Z,47.0,Good
New Delhi-8118,2025-04-20T21:30:00.000Z,82.0,Moderate
New Delhi-8118,2025-04-21T01:30:00.000Z,86.0,Moderate
New Delhi-8118,2025-04-21T05:30:00.000Z,77.0,Moderate
New Delhi-8118,2025-04-21T09:30:00.000Z,54.0,Moderate
New Delhi-8118,2025-04-21T16:30:00.000Z,66.0,Moderate
New Delhi-8118,2025-04-21T19:30:00.000Z,99.0,Moderate
New Delhi-8118,2025-04-21T23:30:00.000Z,115.0,Unhealthy
New Delhi-8118,2025-04-22T03:30:00.000Z,78.0,Moderate
New Delhi-8118,2025-03-26T06:30:00.000Z,32.0,Good
New Delhi-8118,2025-03-26T10:30:00.000Z,21.0,Good
New Delhi-8118,2025-03-26T14:30:00.000Z,47.0,Good
New Delhi-8118,2025-03-26T18:30:00.000Z,92.0,Moderate
New Delhi-8118,2025-04-10T20:30:00.000Z,45.0,Good
New Delhi-8118,2025-04-11T00:30:00.000Z,44.0,Good
New Delhi-8118,2025-04-11T04:30:00.000Z,64.0,Moderate
New Delhi-8118,2025-04-11T08:30:00.000Z,87.0,Moderate
New Delhi-8118,2025-04-11T12:30:00.000Z,39.0,Good
New Delhi-8118,2025-04-11T16:30:00.000Z,13.0,Good
New Delhi-8118,2025-04-11T19:30:00.000Z,30.0,Good
New Delhi-8118,2025-04-11T23:30:00.000Z,47.0,Good
New Delhi-8118,2025-04-12T05:30:00.000Z,46.0,Good
New Delhi-8118,2025-04-12T09:30:00.000Z,59.0,Moderate
New Delhi-8118,2025-04-12T13:30:00.000Z,51.0,Moderate
New Delhi-8118,2025-04-12T17:30:00.000Z,44.0,Good
New Delhi-8118,2025-04-06T03:30:00.000Z,86.0,Moderate
New Delhi-8118,2025-04-06T07:30:00.000Z,59.0,Moderate
New Delhi-8118,2025-04-06T11:30:00.000Z,26.0,Good
New Delhi-8118,2025-04-06T15:30:00.000Z,49.0,Good
New Delhi-8118,2025-03-11T16:30:00.000Z,93.0,Moderate
New Delhi-8118,2025-03-11T22:30:00.000Z,163.0,Unhealthy
New Delhi-8118,2025-03-12T02:30:00.000Z,147.0,Unhealthy
New Delhi-8118,2025-04-08T15:30:00.000Z,96.0,Moderate
New Delhi-8118,2025-04-08T22:30:00.000Z,105.0,Unhealthy
New Delhi-8118,2025-04-09T02:30:00.000Z,110.0,Unhealthy
New Delhi-8118,2025-03-31T22:30:00.000Z,63.0,Moderate
New Delhi-8118,2025-04-01T02:30:00.000Z,159.0,Unhealthy
New Delhi-8118,2025-04-01T06:30:00.000Z,63.0,Moderate
New Delhi-8118,2025-04-25T15:30:00.000Z,62.0,Moderate
New Delhi-8118,2025-04-25T22:30:00.000Z,151.0,Unhealthy
New Delhi-8118,2025-04-26T02:30:00.000Z,160.0,Unhealthy
New Delhi-8118,2025-03-07T22:30:00.000Z,119.0,Unhealthy
New Delhi-8118,2025-03-08T02:30:00.000Z,99.0,Moderate
New Delhi-8118,2025-03-08T06:30:00.000Z,48.0,Good
New Delhi-8118,2025-03-24T22:30:00.000Z,125.0,Unhealthy
New Delhi-8118,2025-03-25T02:30:00.000Z,149.0,Unhealthy
New Delhi-8118,2025-03-25T06:30:00.000Z,66.0,Moderate
New Delhi-8118,2025-04-21T15:30:00.000Z,63.0,Moderate
New Delhi-8118,2025-04-21T22:30:00.000Z,97.0,Moderate
New Delhi-8118,2025-04-22T02:30:00.000Z,66.0,Moderate
New Delhi-8118,2025-03-16T11:30:00.000Z,17.0,Good
New Delhi-8118,2025-03-16T15:30:00.000Z,33.0,Good
New Delhi-8118,2025-03-16T22:30:00.000Z,57.0,Moderate
New Delhi-8118,2025-03-19T11:30:00.000Z,18.0,Good
New Delhi-8118,2025-03-19T15:30:00.000Z,50.0,Good
New Delhi-8118,2025-03-19T22:30:00.000Z,58.0,Moderate
New Delhi-8118,2025-04-13T15:30:00.000Z,78.0,Moderate
New Delhi-8118,2025-04-13T22:30:00.000Z,78.0,Moderate
New Delhi-8118,2025-04-14T02:30:00.000Z,111.0,Unhealthy
New Delhi-8118,2025-03-27T22:30:00.000Z,68.0,Moderate
New Delhi-8118,2025-03-28T05:30:00.000Z,62.0,Moderate
New Delhi-8118,2025-03-28T09:30:00.000Z,32.0,Good
New Delhi-8118,2025-04-01T11:30:00.000Z,18.0,Good
New Delhi-8118,2025-04-01T15:30:00.000Z,69.0,Moderate
New Delhi-8118,2025-04-01T22:30:00.000Z,99.0,Moderate
New Delhi-8118,2025-04-10T22:30:00.000Z,31.0,Good
New Delhi-8118,2025-04-11T02:30:00.000Z,44.0,Good
New Delhi-8118,2025-04-11T06:30:00.000Z,59.0,Moderate
New Delhi-8118,2025-04-27T18:30:00.000Z,159.0,Unhealthy
